Remaining Data ID,Acquisition Time,Acquisition Start Time,Iridium CEP Radius,Iridium Latitude,Iridium Longitude,Temperature,Satellite Uplink,Receive Time,Repetition Count,Low Voltage,Saltwater Failsafe,Iridium Command,Schedule Set,Diagnostic Dive Data,Predeployment Data,Error
1,2019.07.15 14:15:00,2019.07.15 14:15:00,,,,29.0,,2019.07.15 14:38:49,1,,,,Roof Test,,No,
2,2019.07.15 14:30:00,2019.07.15 14:30:00,,,,38.0,,2019.07.15 14:38:49,1,,,,Roof Test,,No,
3,2019.07.15 14:38:49,2019.07.15 14:38:49,3.0,33.3804,-111.80938,,Hit,2019.07.15 14:38:49,1,No,No,,,0 0 0 2 0 0 0 0,No,
4,2019.07.15 14:45:00,2019.07.15 14:45:00,,,,42.0,,2019.07.15 15:08:52,1,,,,Roof Test,,No,
5,2019.07.15 15:00:00,2019.07.15 15:00:00,,,,44.0,,2019.07.15 15:08:52,1,,,,Roof Test,,No,
6,2019.07.15 15:08:52,2019.07.15 15:08:52,3.0,33.3804,-111.80938,,Hit,2019.07.15 15:08:52,1,No,No,,,0 0 0 2 0 0 0 0,No,
7,2019.07.15 15:15:00,2019.07.15 15:15:00,,,,46.0,,2019.07.15 16:49:04,1,,,,Roof Test,,No,
8,2019.07.15 15:30:00,2019.07.15 15:30:00,,,,49.0,,2019.07.15 16:49:04,1,,,,Roof Test,,No,
9,2019.07.15 15:45:00,2019.07.15 15:45:00,,,,52.0,,2019.07.15 16:08:48,1,,,,Roof Test,,No,
10,2019.07.15 16:00:00,2019.07.15 16:00:00,,,,53.0,,2019.07.15 16:08:48,1,,,,Roof Test,,No,
11,2019.07.15 16:08:48,2019.07.15 16:08:48,3.0,33.3804,-111.80938,,Hit,2019.07.15 16:08:48,1,No,No,,,0 0 0 4 0 0 1 0,No,
12,2019.07.15 16:15:00,2019.07.15 16:15:00,,,,54.0,,2019.07.15 16:38:51,1,,,,Roof Test,,No,
13,2019.07.15 16:30:00,2019.07.15 16:30:00,,,,56.0,,2019.07.15 16:38:51,1,,,,Roof Test,,No,
14,2019.07.15 16:38:51,2019.07.15 16:38:51,19.0,33.35392,-111.90523,,Hit,2019.07.15 16:38:51,1,No,No,,,0 0 0 2 0 0 0 0,No,
15,2019.07.15 16:45:00,2019.07.15 16:45:00,,,,58.0,,2019.07.15 16:48:53,1,,,,Roof Test,,No,
16,2019.07.15 16:48:53,2019.07.15 16:48:53,9.0,33.42897,-111.82536999999999,,Hit,2019.07.15 16:48:53,1,No,No,,,0 0 0 1 0 0 0 0,No,
17,2019.07.15 16:49:04,2019.07.15 16:49:04,8.0,33.42897,-111.82536999999999,,Hit,2019.07.15 16:49:04,1,No,No,,,0 0 0 0 0 0 0 0,No,
18,2020.08.03 20:37:17,2020.08.03 20:37:17,,,,29.0,,2020.08.03 20:42:30,1,,,,,,Yes,
19,2020.08.03 20:42:30,2020.08.03 20:42:30,4.0,37.91813,16.00165,,Hit,2020.08.03 20:42:30,1,,,,,,Yes,
20,2020.08.04 04:00:23,2020.08.04 04:00:23,10.0,37.95267,15.9579,,,2020.08.04 04:00:23,1,,,,,,,
21,2020.08.04 04:00:23,2020.08.04 04:00:23,,,,,Hit,2020.08.04 04:00:23,1,No,No,,,0 0 0 8 0 0 0 0,No,Invalid Page
22,2020.08.04 04:00:37,2020.08.04 04:00:37,11.0,37.95875,15.91412,,Hit,2020.08.04 04:00:37,1,,,,,,,
23,2020.08.04 12:48:35,2020.08.04 12:48:35,,,,31.0,,2020.08.04 12:53:58,1,,,,,,Yes,
24,2020.08.04 12:53:58,2020.08.04 12:53:58,4.0,37.91813,16.00165,,Hit,2020.08.04 12:53:58,1,,,,,,Yes,
25,2020.08.04 12:58:43,2020.08.04 12:58:43,,,,,,2020.08.04 12:58:52,1,,,07 02 35 44 32 44 32 32 33 43 2C 42 31 00,,,No,
26,2020.08.04 12:58:52,2020.08.04 12:58:52,4.0,37.90293,15.945379999999998,40.0,Hit,2020.08.04 12:58:52,1,,,,,,No,
27,2020.08.04 12:59:05,2020.08.04 12:59:05,4.0,37.91813,16.00165,,Hit,2020.08.04 12:59:05,1,,,,,,,
28,2020.08.04 12:59:09,2020.08.04 12:59:09,,,,,,2020.08.04 12:59:17,1,,,07 02 35 44 32 44 32 32 33 43 2C 42 31 00,,,No,
29,2020.08.04 12:59:17,2020.08.04 12:59:17,4.0,37.86838,15.989120000000002,41.0,Hit,2020.08.04 12:59:17,1,,,,,,No,
30,2020.08.04 19:00:18,2020.08.04 19:00:18,5.0,37.91813,16.00165,,,2020.08.04 19:00:18,1,,,,,,,
31,2020.08.04 19:00:18,2020.08.04 19:00:18,,,,,Hit,2020.08.04 19:00:18,1,No,No,,,0 0 0 7 0 0 0 0,No,Invalid Page
32,2020.08.04 19:00:32,2020.08.04 19:00:32,3.0,37.89683,15.989120000000002,,Hit,2020.08.04 19:00:32,1,,,,,,,
33,2020.08.05 12:28:28,2020.08.05 12:28:28,,,,31.0,,2020.08.05 12:33:39,1,,,,,,Yes,
34,2020.08.05 12:33:39,2020.08.05 12:33:39,3.0,37.92423,15.9579,,Hit,2020.08.05 12:33:39,1,,,,,,Yes,
35,2020.08.05 12:38:36,2020.08.05 12:38:36,,,,,,2020.08.05 12:38:45,1,,,07 02 35 44 32 44 32 32 33 43 2C 42 31 00,,,No,
36,2020.08.05 12:38:45,2020.08.05 12:38:45,4.0,37.89683,15.989120000000002,42.0,Hit,2020.08.05 12:38:45,1,,,,,,No,
37,2020.08.05 12:38:59,2020.08.05 12:38:59,4.0,37.91813,16.00165,,Hit,2020.08.05 12:38:59,1,,,,,,,
38,2020.08.05 12:39:04,2020.08.05 12:39:04,,,,,,2020.08.05 12:39:09,1,,,07 02 35 44 32 44 32 32 33 43 2C 42 31 00,,,No,
39,2020.08.05 12:39:09,2020.08.05 12:39:09,4.0,37.91813,16.00165,43.0,Hit,2020.08.05 12:39:09,1,,,,,,No,
40,2020.08.05 19:00:14,2020.08.05 19:00:14,,,,,Hit,2020.08.05 19:00:14,1,No,No,,,0 0 0 7 0 0 0 0,No,Invalid Page
41,2020.08.05 19:00:14,2020.08.05 19:00:14,3.0,37.91813,16.00165,,,2020.08.05 19:00:14,1,,,,,,,
42,2020.08.05 19:00:26,2020.08.05 19:00:26,2.0,37.91813,16.00165,,Hit,2020.08.05 19:00:26,1,,,,,,,
43,2020.08.05 19:00:35,2020.08.05 19:00:35,2.0,37.92423,15.9579,,Hit,2020.08.05 19:00:35,1,,,,,,,
44,2020.08.05 19:00:44,2020.08.05 19:00:44,2.0,37.92423,15.9579,,Hit,2020.08.05 19:00:44,1,,,,,,,
45,2020.08.05 19:00:55,2020.08.05 19:00:55,2.0,37.92423,15.9579,,Hit,2020.08.05 19:00:55,1,,,,,,,
46,2020.08.05 19:01:00,2020.08.05 19:01:00,,,,,,2020.08.05 19:01:12,1,,,Update TPF 2020.08.05 13:01:07 00 00 35 44 32 44 32 32 33 43 2C 42 31 2C 35 46 32 41 41 44 39 33 00,,,No,
47,2020.08.05 19:01:12,2020.08.05 19:01:12,2.0,37.92423,15.9579,27.0,Hit,2020.08.05 19:01:12,1,,,,,,No,
48,2020.08.12 01:23:21,2020.08.12 01:23:21,,,,29.0,,2020.08.12 01:28:32,1,,,,,,Yes,
49,2020.08.12 01:28:32,2020.08.12 01:28:32,3.0,37.909,15.901629999999999,,Hit,2020.08.12 01:28:32,1,,,,,,Yes,
50,2020.08.12 08:00:14,2020.08.12 08:00:14,3.0,37.824729999999995,15.9329,,Hit,2020.08.12 08:00:14,1,No,No,,,0 0 2144 9 4 0 0 0,No,
51,2020.08.12 11:40:16,2020.08.12 11:40:16,6.0,37.78103,15.876729999999998,,Hit,2020.08.12 11:40:16,1,No,No,,,0 0 2155 7 0 0 0 0,No,
52,2020.08.12 12:00:00,2020.08.12 12:00:00,,,,29.0,,2020.08.12 19:03:34,1,,,,Primary,,No,
53,2020.08.12 19:03:34,2020.08.12 19:03:34,,,,,Hit,2020.08.12 19:03:34,1,No,No,,,9002 1000 1822 12 0 0 2 7,No,
54,2020.08.12 20:48:24,2020.08.12 20:48:24,3.0,37.7313,15.864320000000001,,Hit,2020.08.12 20:48:24,1,No,No,,,0 0 2130 4 0 0 0 0,No,
55,2020.08.13 00:00:00,2020.08.13 00:00:00,,,,28.0,,2020.08.13 01:31:16,1,,,,Primary,,No,
56,2020.08.13 01:31:16,2020.08.13 01:31:16,4.0,37.68155,15.851920000000002,,Hit,2020.08.13 01:31:16,1,No,No,,,0 0 15 10 0 0 0 0,No,
57,2020.08.13 06:18:47,2020.08.13 06:18:47,12.0,37.67553,15.89555,,Hit,2020.08.13 06:18:47,1,No,No,,,0 0 1548 9 0 0 0 0,No,
58,2020.08.13 12:00:00,2020.08.13 12:00:00,,,,27.0,,2020.08.13 17:32:29,1,,,,Primary,,No,
59,2020.08.13 13:49:22,2020.08.13 13:49:22,3.0,37.68462,15.99525,,Hit,2020.08.13 13:49:22,1,No,No,,,3453 863 2165 11 1 0 0 4,No,
60,2020.08.13 17:32:29,2020.08.13 17:32:29,2.0,37.69362,16.095,,Hit,2020.08.13 17:32:29,1,No,No,,,0 0 1956 6 1 0 0 0,No,
61,2020.08.13 23:07:43,2020.08.13 23:07:43,4.0,37.68748,16.1386,,Hit,2020.08.13 23:07:43,1,No,No,,,0 0 2002 9 1 0 0 0,No,
62,2020.08.14 00:00:00,2020.08.14 00:00:00,,,,29.0,,2020.08.14 08:44:37,1,,,,Primary,,No,
63,2020.08.14 08:44:37,2020.08.14 08:44:37,2.0,37.6405,16.269270000000002,,Hit,2020.08.14 08:44:37,1,No,No,,,4300 1433 2088 15 2 0 2 1,No,
64,2020.08.14 10:30:16,2020.08.14 10:30:16,,,,,Hit,2020.08.14 10:30:16,1,No,No,,,0 0 2366 5 0 0 0 0,No,
65,2020.08.14 12:00:00,2020.08.14 12:00:00,,,,23.0,,2020.08.14 15:55:59,1,,,,Primary,,No,
66,2020.08.14 15:55:59,2020.08.14 15:55:59,3.0,37.72125,16.42538,,Hit,2020.08.14 15:55:59,1,No,No,,,0 0 1726 8 0 0 0 0,No,
67,2020.08.15 00:00:00,2020.08.15 00:00:00,,,,29.0,,2020.08.15 05:14:46,1,,,,Primary,,No,
68,2020.08.15 00:06:53,2020.08.15 00:06:53,,,,,Hit,2020.08.15 00:06:53,1,No,No,,,812 812 2268 16 0 0 0 1,No,
69,2020.08.15 05:14:46,2020.08.15 05:14:46,3.0,37.71732,16.61232,,Hit,2020.08.15 05:14:46,1,No,No,,,1750 1750 1870 8 0 0 0 1,No,
70,2020.08.15 08:36:16,2020.08.15 08:36:16,3.0,37.7036,16.6688,,Hit,2020.08.15 08:36:16,1,No,No,,,0 0 2478 6 0 0 0 0,No,
71,2020.08.15 12:00:00,2020.08.15 12:00:00,,,,31.0,,2020.08.15 12:00:16,1,,,,Primary,,No,
72,2020.08.15 12:00:16,2020.08.15 12:00:16,2.0,37.69092,16.75573,,Hit,2020.08.15 12:00:16,1,No,No,,,0 0 965 7 0 0 0 0,No,
73,2020.08.15 16:48:33,2020.08.15 16:48:33,11.0,37.68457,16.79918,,Hit,2020.08.15 16:48:33,1,No,No,,,0 0 2256 8 0 0 0 0,No,
74,2020.08.16 00:00:00,2020.08.16 00:00:00,,,,28.0,,2020.08.16 06:44:26,1,,,,Primary,,No,
75,2020.08.16 00:01:17,2020.08.16 00:01:17,13.0,37.64325,16.886,,Hit,2020.08.16 00:01:17,1,No,No,,,0 0 1206 11 1 0 0 0,No,
76,2020.08.16 06:44:26,2020.08.16 06:44:26,8.0,37.63685,16.92938,,Hit,2020.08.16 06:44:26,1,No,No,,,2465 2465 2988 11 0 0 1 0,No,
77,2020.08.16 11:59:16,2020.08.16 11:59:16,8.0,37.60187,16.97275,,Hit,2020.08.16 11:59:16,1,No,No,,,1539 770 971 7 0 0 1 1,No,
78,2020.08.16 12:00:00,2020.08.16 12:00:00,,,,30.0,,2020.08.16 15:35:47,1,,,,Primary,,No,
79,2020.08.16 15:35:47,2020.08.16 15:35:47,4.0,37.63858,17.07272,,Hit,2020.08.16 15:35:47,1,No,No,,,0 0 3038 7 0 0 0 0,No,
80,2020.08.16 20:01:04,2020.08.16 20:01:04,8.0,37.688179999999996,17.086029999999997,,Hit,2020.08.16 20:01:04,1,No,No,,,0 0 1288 7 0 0 0 0,No,
81,2020.08.17 00:00:00,2020.08.17 00:00:00,,,,29.0,,2020.08.17 01:00:22,1,,,,Primary,,No,
82,2020.08.17 01:00:22,2020.08.17 01:00:22,3.0,37.62563,17.159370000000003,,Hit,2020.08.17 01:00:22,1,No,No,,,0 0 1385 11 0 0 0 0,No,
83,2020.08.17 07:00:48,2020.08.17 07:00:48,3.0,37.64667,17.17275,,Hit,2020.08.17 07:00:48,1,No,No,,,0 0 3369 9 0 0 0 0,No,
84,2020.08.17 12:00:00,2020.08.17 12:00:00,,,,30.0,,2020.08.17 16:15:01,1,,,,Primary,,No,
85,2020.08.17 16:15:01,2020.08.17 16:15:01,11.0,37.71305,17.41627,,Hit,2020.08.17 16:15:01,1,No,No,,,620 310 1971 14 1 0 0 2,No,
86,2020.08.17 23:13:03,2020.08.17 23:13:03,2.0,37.7407,17.38653,,Hit,2020.08.17 23:13:03,1,No,No,,,1668 556 2944 11 2 0 0 3,No,
87,2020.08.18 00:00:00,2020.08.18 00:00:00,,,,29.0,,2020.08.18 05:22:29,1,,,,Primary,,No,
88,2020.08.18 05:22:29,2020.08.18 05:22:29,3.0,37.78368,17.44347,,Hit,2020.08.18 05:22:29,1,No,No,,,1581 1581 859 12 0 0 1 0,No,
89,2020.08.18 10:35:42,2020.08.18 10:35:42,6.0,37.77705,17.4868,,Hit,2020.08.18 10:35:42,1,No,No,,,0 0 773 10 0 0 0 0,No,
90,2020.08.18 12:00:00,2020.08.18 12:00:00,,,,28.0,,2020.08.18 15:52:11,1,,,,Primary,,No,
91,2020.08.18 15:52:11,2020.08.18 15:52:11,9.0,37.83437,17.60087,,Hit,2020.08.18 15:52:11,1,No,No,,,0 0 2213 9 0 0 0 0,No,
92,2020.08.18 23:35:07,2020.08.18 23:35:07,9.0,37.92577,17.52785,,Hit,2020.08.18 23:35:07,1,No,No,,,3138 1569 2154 12 0 0 2 0,No,
93,2020.08.19 00:00:00,2020.08.19 00:00:00,,,,28.0,,2020.08.19 05:05:58,1,,,,Primary,,No,
94,2020.08.19 05:05:58,2020.08.19 05:05:58,5.0,37.88393,17.61463,,Hit,2020.08.19 05:05:58,1,No,No,,,1691 1691 1995 11 0 0 1 0,No,
95,2020.08.19 10:29:48,2020.08.19 10:29:48,6.0,37.9268,17.67182,,Hit,2020.08.19 10:29:48,1,No,No,,,0 0 3112 7 0 0 0 0,No,
96,2020.08.19 12:00:00,2020.08.19 12:00:00,,,,29.0,,2020.08.19 14:00:29,1,,,,Primary,,No,
97,2020.08.19 14:00:29,2020.08.19 14:00:29,,,,,Hit,2020.08.19 14:00:29,1,No,No,,,0 0 12 8 0 0 0 0,No,
98,2020.08.19 21:36:56,2020.08.19 21:36:56,15.0,38.00562,17.829729999999998,,Hit,2020.08.19 21:36:56,1,No,No,,,0 0 807 11 1 0 0 0,No,
99,2020.08.20 00:00:00,2020.08.20 00:00:00,,,,28.0,,2020.08.20 01:49:46,1,,,,Primary,,No,
100,2020.08.20 01:49:46,2020.08.20 01:49:46,4.0,37.94928,17.85912,,Hit,2020.08.20 01:49:46,1,No,No,,,0 0 1197 9 0 0 0 0,No,
101,2020.08.20 06:20:33,2020.08.20 06:20:33,10.0,37.9704,17.8731,,Hit,2020.08.20 06:20:33,1,No,No,,,0 0 1978 9 0 0 0 0,No,
102,2020.08.20 11:46:51,2020.08.20 11:46:51,9.0,37.9499,18.00307,,Hit,2020.08.20 11:46:51,1,No,No,,,0 0 2315 8 0 0 0 0,No,
103,2020.08.20 12:00:00,2020.08.20 12:00:00,,,,21.0,,2020.08.20 18:24:54,1,,,,Primary,,No,
104,2020.08.20 18:24:54,2020.08.20 18:24:54,3.0,38.00675,18.11792,,Hit,2020.08.20 18:24:54,1,No,No,,,0 0 3245 9 0 0 0 0,No,
105,2020.08.21 00:00:00,2020.08.21 00:00:00,,,,28.0,,2020.08.21 03:11:23,1,,,,Primary,,No,
106,2020.08.21 03:11:23,2020.08.21 03:11:23,2.0,38.03515,18.11792,,Hit,2020.08.21 03:11:23,1,No,No,,,7378 2459 2965 12 0 0 3 0,No,
107,2020.08.21 07:05:31,2020.08.21 07:05:31,3.0,38.08465,18.1321,,Hit,2020.08.21 07:05:31,1,No,No,,,0 0 2934 7 0 0 0 0,No,
108,2020.08.21 12:00:00,2020.08.21 12:00:00,,,,28.0,,2020.08.21 13:07:41,1,,,,Primary,,No,
109,2020.08.21 13:07:41,2020.08.21 13:07:41,2.0,38.15532,18.16052,,Hit,2020.08.21 13:07:41,1,No,No,,,0 0 3614 7 0 0 0 0,No,
110,2020.08.21 20:19:25,2020.08.21 20:19:25,3.0,38.23317,18.174770000000002,,Hit,2020.08.21 20:19:25,1,No,No,,,0 0 1495 8 0 0 0 0,No,
111,2020.08.22 00:00:00,2020.08.22 00:00:00,,,,28.0,,2020.08.22 01:59:49,1,,,,Primary,,No,
112,2020.08.22 01:59:49,2020.08.22 01:59:49,5.0,38.23317,18.174770000000002,,Hit,2020.08.22 01:59:49,1,No,No,,,5353 1338 1425 12 0 0 4 0,No,
113,2020.08.22 06:10:14,2020.08.22 06:10:14,5.0,38.23317,18.174770000000002,,Hit,2020.08.22 06:10:14,1,No,No,,,0 0 2673 7 0 0 0 0,No,
114,2020.08.22 11:33:10,2020.08.22 11:33:10,,,,,Hit,2020.08.22 11:33:10,1,No,No,,,0 0 1743 9 0 0 0 0,No,
115,2020.08.22 12:00:00,2020.08.22 12:00:00,,,,18.0,,2020.08.22 15:08:03,1,,,,Primary,,No,
116,2020.08.22 15:08:03,2020.08.22 15:08:03,3.0,38.360479999999995,18.203329999999998,,Hit,2020.08.22 15:08:03,1,No,No,,,0 0 1969 7 0 0 0 0,No,
117,2020.08.23 00:00:00,2020.08.23 00:00:00,,,,28.0,,2020.08.23 04:33:08,1,,,,Primary,,No,
118,2020.08.23 04:33:08,2020.08.23 04:33:08,4.0,38.417,18.174120000000002,,Hit,2020.08.23 04:33:08,1,No,No,,,512 256 1008 26 0 0 0 2,No,
119,2020.08.23 04:33:17,2020.08.23 04:33:17,4.0,38.46653,18.18842,,Hit,2020.08.23 04:33:17,1,No,No,,,0 0 1008 0 0 0 0 0,No,
120,2020.08.23 07:43:49,2020.08.23 07:43:49,11.0,38.46653,18.18842,,Hit,2020.08.23 07:43:49,1,No,No,,,0 0 1754 7 0 0 0 0,No,
121,2020.08.23 11:30:17,2020.08.23 11:30:17,10.0,38.50905,18.24633,,Hit,2020.08.23 11:30:17,1,No,No,,,0 0 691 7 0 0 0 0,No,
122,2020.08.23 12:00:00,2020.08.23 12:00:00,,,,36.0,,2020.08.23 15:07:35,1,,,,Primary,,No,
123,2020.08.23 15:07:35,2020.08.23 15:07:35,3.0,38.55858,18.2607,,Hit,2020.08.23 15:07:35,1,No,No,,,0 0 2033 7 0 0 0 0,No,
124,2020.08.24 00:00:00,2020.08.24 00:00:00,,,,28.0,,2020.08.24 05:07:21,1,,,,Primary,,No,
125,2020.08.24 04:45:44,2020.08.24 04:45:44,3.0,38.59398,18.36232,,Hit,2020.08.24 04:45:44,1,No,No,,,2251 563 1226 24 3 0 2 2,No,
126,2020.08.24 04:45:57,2020.08.24 04:45:57,3.0,38.60105,18.318720000000003,,Hit,2020.08.24 04:45:57,1,,,,,,,Incomplete Transfer
127,2020.08.24 05:07:21,2020.08.24 05:07:21,3.0,38.60105,18.318720000000003,,Hit,2020.08.24 05:07:21,1,No,No,,,1226 1226 1164 0 0 0 1 0,No,
128,2020.08.24 08:38:44,2020.08.24 08:38:44,3.0,38.59398,18.36232,,Hit,2020.08.24 08:38:44,1,No,No,,,0 0 1403 8 0 0 0 0,No,
129,2020.08.24 12:00:00,2020.08.24 12:00:00,,,,43.0,,2020.08.24 12:00:15,1,,,,Primary,,No,
130,2020.08.24 12:00:15,2020.08.24 12:00:15,2.0,38.65058,18.333170000000003,,Hit,2020.08.24 12:00:15,1,No,No,,,0 0 1362 7 0 0 0 0,No,
131,2020.08.24 16:05:57,2020.08.24 16:05:57,2.0,38.70012,18.34765,,Hit,2020.08.24 16:05:57,1,No,No,,,0 0 1070 8 0 0 0 0,No,
132,2020.08.25 00:00:00,2020.08.25 00:00:00,,,,28.0,,2020.08.25 06:12:35,1,,,,Primary,,No,
133,2020.08.25 02:34:01,2020.08.25 02:34:01,4.0,38.6859,18.434929999999998,,Hit,2020.08.25 02:34:01,1,No,No,,,3399 680 771 18 2 0 5 0,No,
134,2020.08.25 06:12:35,2020.08.25 06:12:35,2.0,38.693020000000004,18.3913,,Hit,2020.08.25 06:12:35,1,No,No,,,0 0 936 7 0 0 0 0,No,
135,2020.08.25 10:35:41,2020.08.25 10:35:41,9.0,38.70727,18.4495,,Hit,2020.08.25 10:35:41,1,No,No,,,0 0 2457 8 0 0 0 0,No,
136,2020.08.25 12:00:00,2020.08.25 12:00:00,,,,29.0,,2020.08.25 15:13:52,1,,,,Primary,,No,
137,2020.08.25 15:13:52,2020.08.25 15:13:52,3.0,38.693020000000004,18.3913,,Hit,2020.08.25 15:13:52,1,No,No,,,1095 1095 1623 8 0 0 1 0,No,
138,2020.08.25 19:05:31,2020.08.25 19:05:31,5.0,38.76395,18.420370000000002,,Hit,2020.08.25 19:05:31,1,No,No,,,0 0 1471 8 0 0 0 0,No,
139,2020.08.26 00:00:00,2020.08.26 00:00:00,,,,28.0,,2020.08.26 00:32:42,1,,,,Primary,,No,
140,2020.08.26 00:32:42,2020.08.26 00:32:42,4.0,38.7354,18.4495,,Hit,2020.08.26 00:32:42,1,No,No,,,0 0 1146 11 0 0 0 0,No,
141,2020.08.26 01:30:59,2020.08.26 01:30:59,3.0,38.70727,18.4495,,Hit,2020.08.26 01:30:59,1,,,,,,,
142,2020.08.26 06:30:55,2020.08.26 06:30:55,5.0,38.693020000000004,18.3913,,Hit,2020.08.26 06:30:55,1,No,No,,,0 0 2553 9 0 0 0 0,No,
143,2020.08.26 11:56:15,2020.08.26 11:56:15,2.0,38.70727,18.4495,,Hit,2020.08.26 11:56:15,1,No,No,,,0 0 2473 7 0 0 0 0,No,
144,2020.08.26 12:00:00,2020.08.26 12:00:00,,,,29.0,,2020.08.26 21:20:26,1,,,,Primary,,No,
145,2020.08.26 21:20:26,2020.08.26 21:20:26,3.0,38.70013,18.493129999999997,,Hit,2020.08.26 21:20:26,1,No,No,,,0 0 994 17 1 0 0 0,No,
146,2020.08.26 21:43:37,2020.08.26 21:43:37,3.0,38.70727,18.4495,,Hit,2020.08.26 21:43:37,1,No,No,,,0 0 1242 1 0 0 0 0,No,
147,2020.08.27 00:00:00,2020.08.27 00:00:00,,,,28.0,,2020.08.27 03:30:20,1,,,,Primary,,No,
148,2020.08.27 03:30:20,2020.08.27 03:30:20,2.0,38.70013,18.493129999999997,,Hit,2020.08.27 03:30:20,1,No,No,,,0 0 966 12 0 0 0 0,No,
149,2020.08.27 08:25:20,2020.08.27 08:25:20,2.0,38.66483,18.53677,,Hit,2020.08.27 08:25:20,1,No,No,,,0 0 3190 7 0 0 0 0,No,
150,2020.08.27 12:00:00,2020.08.27 12:00:00,,,,25.0,,2020.08.27 14:22:46,1,,,,Primary,,No,
151,2020.08.27 14:22:46,2020.08.27 14:22:46,3.0,38.6858,18.580370000000002,,Hit,2020.08.27 14:22:46,1,No,No,,,0 0 2281 8 0 0 0 0,No,
152,2020.08.27 20:01:51,2020.08.27 20:01:51,3.0,38.74248,18.5514,,Hit,2020.08.27 20:01:51,1,No,No,,,0 0 1257 10 0 0 0 0,No,
153,2020.08.28 00:00:00,2020.08.28 00:00:00,,,,28.0,,2020.08.28 01:07:25,1,,,,Primary,,No,
154,2020.08.28 01:07:25,2020.08.28 01:07:25,11.0,38.6858,18.580370000000002,,Hit,2020.08.28 01:07:25,1,No,No,,,0 0 638 9 1 0 0 0,No,
155,2020.08.28 06:06:51,2020.08.28 06:06:51,4.0,38.756679999999996,18.609720000000003,,Hit,2020.08.28 06:06:51,1,No,No,,,0 0 2416 9 0 0 0 0,No,
156,2020.08.28 11:30:15,2020.08.28 11:30:15,10.0,38.74947,18.65335,,Hit,2020.08.28 11:30:15,1,No,No,,,0 0 2348 8 0 0 0 0,No,
157,2020.08.28 12:00:00,2020.08.28 12:00:00,,,,41.0,,2020.08.28 16:42:24,1,,,,Primary,,No,
158,2020.08.28 16:42:24,2020.08.28 16:42:24,2.0,38.79173,18.71173,,Hit,2020.08.28 16:42:24,1,No,No,,,0 0 2682 7 0 0 0 0,No,
159,2020.08.28 22:00:17,2020.08.28 22:00:17,4.0,38.79173,18.71173,,Hit,2020.08.28 22:00:17,1,No,No,,,0 0 2347 8 1 0 0 0,No,
160,2020.08.29 00:00:00,2020.08.29 00:00:00,,,,28.0,,2020.08.29 04:59:56,1,,,,Primary,,No,
161,2020.08.29 04:59:56,2020.08.29 04:59:56,26.0,38.756679999999996,18.609720000000003,,Hit,2020.08.29 04:59:56,1,No,No,,,1673 1673 1735 13 0 0 1 0,No,
162,2020.08.29 09:15:24,2020.08.29 09:15:24,3.0,38.7353,18.59502,,Hit,2020.08.29 09:15:24,1,No,No,,,0 0 972 8 0 0 0 0,No,
163,2020.08.29 12:00:00,2020.08.29 12:00:00,,,,28.0,,2020.08.29 14:16:55,1,,,,Primary,,No,
164,2020.08.29 14:16:55,2020.08.29 14:16:55,4.0,38.74248,18.5514,,Hit,2020.08.29 14:16:55,1,No,No,,,0 0 1734 8 0 0 0 0,No,
165,2020.08.29 21:23:56,2020.08.29 21:23:56,3.0,38.74965,18.50775,,Hit,2020.08.29 21:23:56,1,No,No,,,5604 1868 1366 10 0 0 3 0,No,
166,2020.08.30 00:00:00,2020.08.30 00:00:00,,,,28.0,,2020.08.30 08:32:29,1,,,,Primary,,No,
167,2020.08.30 08:32:29,2020.08.30 08:32:29,4.0,38.74965,18.50775,,Hit,2020.08.30 08:32:29,1,No,No,,,2545 2545 1029 5 0 0 1 0,No,
168,2020.08.30 12:00:00,2020.08.30 12:00:00,,,,31.0,,2020.08.31 04:00:16,1,,,,Primary,,No,
169,2020.08.31 00:00:00,2020.08.31 00:00:00,,,,28.0,,2020.08.31 04:00:16,1,,,,Primary,,No,
170,2020.08.31 04:00:16,2020.08.31 04:00:16,3.0,38.799170000000004,18.522370000000002,,Hit,2020.08.31 04:00:16,1,No,No,,,0 0 13 5 0 0 0 0,No,
171,2020.08.31 10:09:36,2020.08.31 10:09:36,3.0,38.799170000000004,18.522370000000002,,Hit,2020.08.31 10:09:36,1,No,No,,,0 0 2661 6 0 0 0 0,No,
172,2020.08.31 12:00:00,2020.08.31 12:00:00,,,,29.0,,2020.08.31 18:00:36,1,,,,Primary,,No,
173,2020.08.31 18:00:36,2020.08.31 18:00:36,4.0,38.87678,18.537020000000002,,Hit,2020.08.31 18:00:36,1,No,No,,,2584 2584 2874 7 0 0 1 0,No,
174,2020.09.01 00:00:00,2020.09.01 00:00:00,,,,28.0,,2020.09.01 02:05:59,1,,,,Primary,,No,
175,2020.09.01 02:05:59,2020.09.01 02:05:59,2.0,38.86958,18.58073,,Hit,2020.09.01 02:05:59,1,No,No,,,0 0 1127 9 0 0 0 0,No,
176,2020.09.01 09:32:05,2020.09.01 09:32:05,4.0,38.86958,18.58073,,Hit,2020.09.01 09:32:05,1,No,No,,,0 0 2779 7 0 0 0 0,No,
177,2020.09.01 10:23:23,2020.09.01 10:23:23,4.0,38.8415,18.58073,,Hit,2020.09.01 10:23:23,1,,,,,,,Incomplete Transfer
178,2020.09.01 10:27:40,2020.09.01 10:27:40,6.0,38.891020000000005,18.59543,,Hit,2020.09.01 10:27:40,1,No,No,,,8341 2780 26 8 0 0 2 1,No,
179,2020.09.01 12:00:00,2020.09.01 12:00:00,,,,27.0,,2020.09.01 16:01:00,1,,,,Primary,,No,
180,2020.09.01 16:01:00,2020.09.01 16:01:00,3.0,38.9263,18.5517,,Hit,2020.09.01 16:01:00,1,No,No,,,0 0 2589 6 0 0 0 0,No,
181,2020.09.02 00:00:00,2020.09.02 00:00:00,,,,28.0,,2020.09.02 01:01:47,1,,,,Primary,,No,
182,2020.09.02 00:04:38,2020.09.02 00:04:38,3.0,38.961529999999996,18.507929999999998,,Hit,2020.09.02 00:04:38,1,,,,,,,Incomplete Transfer
183,2020.09.02 01:01:47,2020.09.02 01:01:47,4.0,38.961529999999996,18.507929999999998,,Hit,2020.09.02 01:01:47,1,No,No,,,3116 623 2307 8 0 0 4 1,No,
184,2020.09.02 08:39:29,2020.09.02 08:39:29,15.0,38.98303,18.5226,,Hit,2020.09.02 08:39:29,1,No,No,,,0 0 3249 8 0 0 0 0,No,
185,2020.09.02 12:00:00,2020.09.02 12:00:00,,,,24.0,,2020.09.02 16:27:07,1,,,,Primary,,No,
186,2020.09.02 16:27:07,2020.09.02 16:27:07,4.0,38.961529999999996,18.507929999999998,,Hit,2020.09.02 16:27:07,1,No,No,,,5996 2998 2315 7 0 0 2 0,No,
187,2020.09.02 22:03:21,2020.09.02 22:03:21,5.0,38.968720000000005,18.46415,,Hit,2020.09.02 22:03:21,1,No,No,,,0 0 895 7 0 0 0 0,No,
188,2020.09.03 00:00:00,2020.09.03 00:00:00,,,,28.0,,2020.09.03 06:15:14,1,,,,Primary,,No,
189,2020.09.03 06:15:14,2020.09.03 06:15:14,8.0,38.968720000000005,18.46415,,Hit,2020.09.03 06:15:14,1,No,No,,,0 0 2309 8 0 0 0 0,No,
190,2020.09.03 12:00:00,2020.09.03 12:00:00,,,,27.0,,2020.09.03 12:05:42,1,,,,Primary,,No,
191,2020.09.03 12:05:42,2020.09.03 12:05:42,4.0,38.968720000000005,18.46415,,Hit,2020.09.03 12:05:42,1,No,No,,,0 0 2545 6 0 0 0 0,No,
192,2020.09.03 19:20:32,2020.09.03 19:20:32,5.0,38.97588,18.42033,,Hit,2020.09.03 19:20:32,1,No,No,,,0 0 647 7 0 0 0 0,No,
193,2020.09.04 00:00:00,2020.09.04 00:00:00,,,,28.0,,2020.09.04 04:42:56,1,,,,Primary,,No,
194,2020.09.04 04:42:56,2020.09.04 04:42:56,5.0,38.961529999999996,18.36195,,Hit,2020.09.04 04:42:56,1,No,No,,,2210 1105 1486 9 0 0 1 1,No,
195,2020.09.04 11:42:58,2020.09.04 11:42:58,2.0,39.03975,18.3472,,Hit,2020.09.04 11:42:58,1,No,No,,,0 0 2547 7 0 0 0 0,No,
196,2020.09.04 12:00:00,2020.09.04 12:00:00,,,,19.0,,2020.09.04 20:00:14,1,,,,Primary,,No,
197,2020.09.04 19:09:49,2020.09.04 19:09:49,3.0,39.10288,18.3033,,Hit,2020.09.04 19:09:49,1,,,,,,,Incomplete Transfer
198,2020.09.04 20:00:14,2020.09.04 20:00:14,,,,,Hit,2020.09.04 20:00:14,1,No,No,,,5313 1771 2880 8 0 0 3 0,No,
199,2020.09.05 00:00:00,2020.09.05 00:00:00,,,,26.0,,2020.09.05 04:31:48,1,,,,Primary,,No,
200,2020.09.05 04:31:48,2020.09.05 04:31:48,6.0,39.11002,18.25937,,Hit,2020.09.05 04:31:48,1,No,No,,,1254 1254 1398 9 0 0 1 0,No,
201,2020.09.05 11:31:28,2020.09.05 11:31:28,4.0,39.117129999999996,18.21542,,Hit,2020.09.05 11:31:28,1,No,No,,,0 0 2288 7 0 0 0 0,No,
202,2020.09.05 12:00:00,2020.09.05 12:00:00,,,,24.0,,2020.09.05 19:04:01,1,,,,Primary,,No,
203,2020.09.05 19:04:01,2020.09.05 19:04:01,2.0,39.159279999999995,18.12745,,Hit,2020.09.05 19:04:01,1,No,No,,,0 0 2447 8 0 0 0 0,No,
204,2020.09.06 00:00:00,2020.09.06 00:00:00,,,,27.0,,2020.09.06 01:25:43,1,,,,Primary,,No,
205,2020.09.06 01:25:43,2020.09.06 01:25:43,2.0,39.16637,18.08343,,Hit,2020.09.06 01:25:43,1,No,No,,,0 0 2751 6 0 0 0 0,No,
206,2020.09.06 08:07:06,2020.09.06 08:07:06,,,,,Hit,2020.09.06 08:07:06,1,No,No,,,0 0 2609 7 0 0 0 0,No,
207,2020.09.06 12:00:00,2020.09.06 12:00:00,,,,41.0,,2020.09.06 14:56:00,1,,,,Primary,,No,
208,2020.09.06 14:56:00,2020.09.06 14:56:00,3.0,39.21545,17.95125,,Hit,2020.09.06 14:56:00,1,No,No,,,0 0 3343 6 0 0 0 0,No,
209,2020.09.07 00:00:00,2020.09.07 00:00:00,,,,27.0,,2020.09.07 08:00:20,1,,,,Primary,,No,
210,2020.09.07 00:24:00,2020.09.07 00:24:00,11.0,39.2853,17.86303,,Hit,2020.09.07 00:24:00,1,No,No,,,0 0 2588 9 0 0 0 0,No,
211,2020.09.07 08:00:20,2020.09.07 08:00:20,,,,,Hit,2020.09.07 08:00:20,1,No,No,,,0 0 4006 9 0 0 0 0,No,
212,2020.09.07 12:00:00,2020.09.07 12:00:00,,,,22.0,,2020.09.07 15:54:20,1,,,,Primary,,No,
213,2020.09.07 15:54:20,2020.09.07 15:54:20,6.0,39.34192,17.83308,,Hit,2020.09.07 15:54:20,1,No,No,,,3485 3485 3307 6 0 0 1 0,No,
214,2020.09.07 21:40:32,2020.09.07 21:40:32,18.0,39.39155,17.84732,,Hit,2020.09.07 21:40:32,1,No,No,,,0 0 2472 7 0 0 0 0,No,
215,2020.09.08 00:00:00,2020.09.08 00:00:00,,,,27.0,,2020.09.08 04:37:03,1,,,,Primary,,No,
216,2020.09.08 04:37:03,2020.09.08 04:37:03,3.0,39.39855,17.803079999999998,,Hit,2020.09.08 04:37:03,1,No,No,,,792 792 1719 7 0 0 1 0,No,
217,2020.09.08 12:00:00,2020.09.08 12:00:00,,,,23.0,,2020.09.08 19:23:08,1,,,,Primary,,No,
218,2020.09.08 12:03:56,2020.09.08 12:03:56,,,,,Hit,2020.09.08 12:03:56,1,No,No,,,4186 4186 3700 7 0 0 1 0,No,
219,2020.09.08 19:23:08,2020.09.08 19:23:08,4.0,39.4264,17.803079999999998,,Hit,2020.09.08 19:23:08,1,No,No,,,0 0 1715 8 0 0 0 0,No,
220,2020.09.09 00:00:00,2020.09.09 00:00:00,,,,27.0,,2020.09.09 04:13:43,1,,,,Primary,,No,
221,2020.09.09 02:10:09,2020.09.09 02:10:09,3.0,39.4482,17.8173,,Hit,2020.09.09 02:10:09,1,,,,,,,
222,2020.09.09 04:13:43,2020.09.09 04:13:43,3.0,39.441179999999996,17.86157,,Hit,2020.09.09 04:13:43,1,No,No,,,0 0 1405 1 0 0 0 0,No,
223,2020.09.09 11:24:04,2020.09.09 11:24:04,3.0,39.43415,17.9058,,Hit,2020.09.09 11:24:04,1,No,No,,,0 0 3352 8 0 0 0 0,No,
224,2020.09.09 12:00:00,2020.09.09 12:00:00,,,,23.0,,2020.09.09 19:15:27,1,,,,Primary,,No,
225,2020.09.09 19:15:27,2020.09.09 19:15:27,7.0,39.483779999999996,17.9201,,Hit,2020.09.09 19:15:27,1,No,No,,,0 0 1782 8 0 0 0 0,No,
226,2020.09.10 00:00:00,2020.09.10 00:00:00,,,,27.0,,2020.09.10 03:00:25,1,,,,Primary,,No,
227,2020.09.10 03:00:25,2020.09.10 03:00:25,6.0,39.483779999999996,17.9201,,Hit,2020.09.10 03:00:25,1,No,No,,,0 0 1596 8 0 0 0 0,No,
228,2020.09.10 10:26:23,2020.09.10 10:26:23,2.0,39.49852,17.9787,,Hit,2020.09.10 10:26:23,1,No,No,,,4195 4195 4195 6 0 0 1 0,No,
229,2020.09.10 12:00:00,2020.09.10 12:00:00,,,,23.0,,2020.09.10 18:02:40,1,,,,Primary,,No,
230,2020.09.10 18:02:40,2020.09.10 18:02:40,2.0,39.49143,18.02297,,Hit,2020.09.10 18:02:40,1,No,No,,,0 0 3381 7 0 0 0 0,No,
231,2020.09.11 00:00:00,2020.09.11 00:00:00,,,,27.0,,2020.09.11 03:20:33,1,,,,Primary,,No,
232,2020.09.11 03:20:33,2020.09.11 03:20:33,4.0,39.52633,17.9787,,Hit,2020.09.11 03:20:33,1,No,No,,,2794 1397 801 9 0 0 1 1,No,
233,2020.09.11 10:03:27,2020.09.11 10:03:27,6.0,39.47672,17.96435,,Hit,2020.09.11 10:03:27,1,No,No,,,0 0 2813 7 0 0 0 0,No,
234,2020.09.11 12:00:00,2020.09.11 12:00:00,,,,25.0,,2020.09.11 17:18:54,1,,,,Primary,,No,
235,2020.09.11 17:18:54,2020.09.11 17:18:54,4.0,39.46965,18.008570000000002,,Hit,2020.09.11 17:18:54,1,No,No,,,0 0 2899 7 0 0 0 0,No,
236,2020.09.12 00:00:00,2020.09.12 00:00:00,,,,27.0,,2020.09.12 00:00:15,1,,,,Primary,,No,
237,2020.09.12 00:00:15,2020.09.12 00:00:15,4.0,39.51215,18.0672,,Hit,2020.09.12 00:00:15,1,No,No,,,0 0 24 7 0 0 0 0,No,
238,2020.09.12 08:34:41,2020.09.12 08:34:41,3.0,39.48433,18.0672,,Hit,2020.09.12 08:34:41,1,No,No,,,0 0 3384 7 0 0 0 0,No,
239,2020.09.12 12:00:00,2020.09.12 12:00:00,,,,23.0,,2020.09.12 14:25:57,1,,,,Primary,,No,
240,2020.09.12 14:25:57,2020.09.12 14:25:57,8.0,39.53395,18.08163,,Hit,2020.09.12 14:25:57,1,No,No,,,0 0 2870 7 0 0 0 0,No,
241,2020.09.13 00:00:00,2020.09.13 00:00:00,,,,27.0,,2020.09.13 06:35:56,1,,,,Primary,,No,
242,2020.09.13 00:05:58,2020.09.13 00:05:58,9.0,39.56885,18.037370000000003,,Hit,2020.09.13 00:05:58,1,No,No,,,7886 1127 1274 9 0 0 7 0,No,
243,2020.09.13 06:35:56,2020.09.13 06:35:56,5.0,39.49187,18.1701,,Hit,2020.09.13 06:35:56,1,No,No,,,0 0 3191 7 0 0 0 0,No,
244,2020.09.13 12:00:00,2020.09.13 12:00:00,,,,25.0,,2020.09.13 13:10:12,1,,,,Primary,,No,
245,2020.09.13 13:10:12,2020.09.13 13:10:12,2.0,39.499,18.125870000000003,,Hit,2020.09.13 13:10:12,1,No,No,,,0 0 2575 7 0 0 0 0,No,
246,2020.09.13 20:41:30,2020.09.13 20:41:30,5.0,39.49187,18.1701,,Hit,2020.09.13 20:41:30,1,,,,,,,Incomplete Transfer
247,2020.09.13 21:26:21,2020.09.13 21:26:21,7.0,39.499,18.125870000000003,,Hit,2020.09.13 21:26:21,1,No,No,,,1096 365 2142 7 0 0 1 2,No,
248,2020.09.14 00:00:00,2020.09.14 00:00:00,,,,27.0,,2020.09.14 05:55:48,1,,,,Primary,,No,
249,2020.09.14 05:55:48,2020.09.14 05:55:48,3.0,39.47722,18.1114,,Hit,2020.09.14 05:55:48,1,No,No,,,6474 2158 3095 9 0 0 3 0,No,
250,2020.09.14 11:10:05,2020.09.14 11:10:05,2.0,39.47722,18.1114,,Hit,2020.09.14 11:10:05,1,No,No,,,0 0 2847 6 0 0 0 0,No,
251,2020.09.14 12:00:00,2020.09.14 12:00:00,,,,24.0,,2020.09.14 18:17:24,1,,,,Primary,,No,
252,2020.09.14 18:17:24,2020.09.14 18:17:24,3.0,39.47722,18.1114,,Hit,2020.09.14 18:17:24,1,No,No,,,0 0 1445 7 0 0 0 0,No,
253,2020.09.15 00:00:00,2020.09.15 00:00:00,,,,27.0,,2020.09.15 04:04:54,1,,,,Primary,,No,
254,2020.09.15 04:04:54,2020.09.15 04:04:54,2.0,39.47722,18.1114,,Hit,2020.09.15 04:04:54,1,No,No,,,1444 1444 1444 10 0 0 1 0,No,
255,2020.09.15 10:44:04,2020.09.15 10:44:04,4.0,39.44938,18.1114,,Hit,2020.09.15 10:44:04,1,No,No,,,0 0 3274 6 0 0 0 0,No,
256,2020.09.15 12:00:00,2020.09.15 12:00:00,,,,30.0,,2020.09.15 17:35:53,1,,,,Primary,,No,
257,2020.09.15 17:35:53,2020.09.15 17:35:53,6.0,39.499,18.125870000000003,,Hit,2020.09.15 17:35:53,1,No,No,,,0 0 2947 7 0 0 0 0,No,
258,2020.09.16 00:00:00,2020.09.16 00:00:00,,,,27.0,,2020.09.16 01:04:12,1,,,,Primary,,No,
259,2020.09.16 01:04:12,2020.09.16 01:04:12,14.0,39.49187,18.1701,,Hit,2020.09.16 01:04:12,1,No,No,,,0 0 1252 8 0 0 0 0,No,
260,2020.09.16 08:16:10,2020.09.16 08:16:10,4.0,39.44227,18.1556,,Hit,2020.09.16 08:16:10,1,No,No,,,0 0 1923 7 0 0 0 0,No,
261,2020.09.16 12:00:00,2020.09.16 12:00:00,,,,24.0,,2020.09.16 16:29:48,1,,,,Primary,,No,
262,2020.09.16 16:29:48,2020.09.16 16:29:48,3.0,39.44227,18.1556,,Hit,2020.09.16 16:29:48,1,No,No,,,0 0 2156 7 0 0 0 0,No,
263,2020.09.17 00:00:00,2020.09.17 00:00:00,,,,27.0,,2020.09.17 05:11:28,1,,,,Primary,,No,
264,2020.09.17 05:11:28,2020.09.17 05:11:28,,,,,Hit,2020.09.17 05:11:28,1,No,No,,,13454 1035 1965 13 0 0 8 5,No,
265,2020.09.17 10:42:39,2020.09.17 10:42:39,2.0,39.52682,18.125870000000003,,Hit,2020.09.17 10:42:39,1,No,No,,,0 0 3572 6 0 0 0 0,No,
266,2020.09.17 12:00:00,2020.09.17 12:00:00,,,,24.0,,2020.09.17 17:21:04,1,,,,Primary,,No,
267,2020.09.17 17:21:04,2020.09.17 17:21:04,2.0,39.61133,18.09608,,Hit,2020.09.17 17:21:04,1,No,No,,,0 0 3705 7 0 0 0 0,No,
268,2020.09.18 00:00:00,2020.09.18 00:00:00,,,,27.0,,2020.09.18 01:15:53,1,,,,Primary,,No,
269,2020.09.18 01:15:53,2020.09.18 01:15:53,3.0,39.61847,18.0518,,Hit,2020.09.18 01:15:53,1,No,No,,,0 0 1832 8 0 0 0 0,No,
270,2020.09.18 10:14:06,2020.09.18 10:14:06,3.0,39.63268,17.96313,,Hit,2020.09.18 10:14:06,1,No,No,,,0 0 4068 8 0 0 0 0,No,
271,2020.09.18 12:00:00,2020.09.18 12:00:00,,,,26.0,,2020.09.18 18:56:57,1,,,,Primary,,No,
272,2020.09.18 18:56:57,2020.09.18 18:56:57,5.0,39.56825,17.89012,,Hit,2020.09.18 18:56:57,1,No,No,,,4376 1459 2057 7 0 0 3 0,No,
273,2020.09.19 00:00:00,2020.09.19 00:00:00,,,,26.0,,2020.09.19 02:16:35,1,,,,Primary,,No,
274,2020.09.19 02:16:35,2020.09.19 02:16:35,4.0,39.5334,17.934420000000003,,Hit,2020.09.19 02:16:35,1,No,No,,,0 0 2576 8 0 0 0 0,No,
275,2020.09.19 11:37:21,2020.09.19 11:37:21,5.0,39.58303,17.94877,,Hit,2020.09.19 11:37:21,1,No,No,,,0 0 3944 6 2 0 0 0,No,
276,2020.09.19 12:00:00,2020.09.19 12:00:00,,,,28.0,,2020.09.19 20:24:53,1,,,,Primary,,No,
277,2020.09.19 20:24:53,2020.09.19 20:24:53,29.0,39.54107,18.037370000000003,,Hit,2020.09.19 20:24:53,1,No,No,,,1224 408 57 9 0 0 2 1,No,
278,2020.09.20 00:00:00,2020.09.20 00:00:00,,,,26.0,,2020.09.20 07:36:43,1,,,,Primary,,No,
279,2020.09.20 07:36:43,2020.09.20 07:36:43,3.0,39.49785,17.831529999999997,,Hit,2020.09.20 07:36:43,1,No,No,,,0 0 4363 9 1 0 0 0,No,
280,2020.09.20 12:00:00,2020.09.20 12:00:00,,,,20.0,,2020.09.20 14:37:00,1,,,,Primary,,No,
281,2020.09.20 14:37:00,2020.09.20 14:37:00,9.0,39.441179999999996,17.86157,,Hit,2020.09.20 14:37:00,1,No,No,,,0 0 3681 6 0 0 0 0,No,
282,2020.09.20 23:11:41,2020.09.20 23:11:41,2.0,39.49082,17.87583,,Hit,2020.09.20 23:11:41,1,No,No,,,0 0 1514 9 0 0 0 0,No,
283,2020.09.21 00:00:00,2020.09.21 00:00:00,,,,26.0,,2020.09.21 09:05:04,1,,,,Primary,,No,
284,2020.09.21 09:05:04,2020.09.21 09:05:04,,,,,Hit,2020.09.21 09:05:04,1,No,No,,,0 0 4056 9 0 0 0 0,No,
285,2020.09.21 12:00:00,2020.09.21 12:00:00,,,,21.0,,2020.09.21 20:03:50,1,,,,Primary,,No,
286,2020.09.21 20:03:50,2020.09.21 20:03:50,13.0,39.5056,17.934420000000003,,Hit,2020.09.21 20:03:50,1,No,No,,,4798 1200 2484 10 1 0 3 1,No,
287,2020.09.22 00:00:00,2020.09.22 00:00:00,,,,26.0,,2020.09.22 03:29:46,1,,,,Primary,,No,
288,2020.09.22 03:29:46,2020.09.22 03:29:46,4.0,39.5334,17.934420000000003,,Hit,2020.09.22 03:29:46,1,No,No,,,2532 2532 623 7 0 0 1 0,No,
289,2020.09.22 12:00:00,2020.09.22 12:00:00,,,,26.0,,2020.09.22 18:12:21,1,,,,Primary,,No,
290,2020.09.22 12:12:36,2020.09.22 12:12:36,3.0,39.57595,17.99308,,Hit,2020.09.22 12:12:36,1,No,No,,,2716 2716 2362 8 0 0 1 0,No,
291,2020.09.22 18:12:21,2020.09.22 18:12:21,,,,,Hit,2020.09.22 18:12:21,1,No,No,,,0 0 3613 7 0 0 0 0,No,
292,2020.09.23 00:00:00,2020.09.23 00:00:00,,,,26.0,,2020.09.23 02:36:24,1,,,,Primary,,No,
293,2020.09.23 01:23:27,2020.09.23 01:23:27,2.0,39.668079999999996,18.06625,,Hit,2020.09.23 01:23:27,1,,,,,,,
294,2020.09.23 02:36:24,2020.09.23 02:36:24,,,,,Hit,2020.09.23 02:36:24,1,No,No,,,0 0 2530 1 0 0 0 0,No,
295,2020.09.23 11:16:19,2020.09.23 11:16:19,6.0,39.61885,18.19915,,Hit,2020.09.23 11:16:19,1,No,No,,,2506 2506 2832 9 0 0 1 0,No,
296,2020.09.23 12:00:00,2020.09.23 12:00:00,,,,26.0,,2020.09.23 20:32:25,1,,,,Primary,,No,
297,2020.09.23 20:32:25,2020.09.23 20:32:25,3.0,39.47753,18.258470000000003,,Hit,2020.09.23 20:32:25,1,No,No,,,0 0 3800 8 1 0 0 0,No,
298,2020.09.24 00:00:00,2020.09.24 00:00:00,,,,26.0,,2020.09.24 06:13:56,1,,,,Primary,,No,
299,2020.09.24 06:13:56,2020.09.24 06:13:56,6.0,39.33595,18.17077,,Hit,2020.09.24 06:13:56,1,No,No,,,2849 2849 3057 8 1 0 1 0,No,
300,2020.09.24 12:00:00,2020.09.24 12:00:00,,,,23.0,,2020.09.24 13:13:05,1,,,,Primary,,No,
301,2020.09.24 13:13:05,2020.09.24 13:13:05,9.0,39.208420000000004,17.99533,,Hit,2020.09.24 13:13:05,1,No,No,,,0 0 3533 6 2 0 0 0,No,
302,2020.09.24 21:36:10,2020.09.24 21:36:10,2.0,39.11622,17.922729999999998,,Hit,2020.09.24 21:36:10,1,No,No,,,4308 2154 3246 7 0 0 2 0,No,
303,2020.09.25 00:00:00,2020.09.25 00:00:00,,,,26.0,,2020.09.25 05:11:40,1,,,,Primary,,No,
304,2020.09.25 05:11:40,2020.09.25 05:11:40,5.0,39.07358,17.86448,,Hit,2020.09.25 05:11:40,1,No,No,,,0 0 2505 9 0 0 0 0,No,
305,2020.09.25 12:00:00,2020.09.25 12:00:00,,,,24.0,,2020.09.25 12:05:46,1,,,,Primary,,No,
306,2020.09.25 12:05:46,2020.09.25 12:05:46,3.0,38.97436,17.83616,,Hit,2020.09.25 12:05:46,1,No,No,,,0 0 2839 7 0 0 0 0,No,
307,2020.09.25 21:48:51,2020.09.25 21:48:51,3.0,39.02397,17.85032,,Hit,2020.09.25 21:48:51,1,No,No,,,2992 1496 1539 9 0 0 2 0,No,
308,2020.09.26 00:00:00,2020.09.26 00:00:00,,,,26.0,,2020.09.26 07:38:03,1,,,,Primary,,No,
309,2020.09.26 07:38:03,2020.09.26 07:38:03,4.0,38.9178,17.86593,,Hit,2020.09.26 07:38:03,1,No,No,,,0 0 3609 9 1 0 0 0,No,
310,2020.09.26 12:00:00,2020.09.26 12:00:00,,,,23.0,,2020.09.26 14:40:23,1,,,,Primary,,No,
311,2020.09.26 14:40:23,2020.09.26 14:40:23,,,,,Hit,2020.09.26 14:40:23,1,No,No,,,0 0 3189 7 0 0 0 0,No,
312,2020.09.26 22:47:29,2020.09.26 22:47:29,3.0,38.9674,17.8801,,Hit,2020.09.26 22:47:29,1,No,No,,,9491 1055 1115 8 0 0 9 0,No,
313,2020.09.27 00:00:00,2020.09.27 00:00:00,,,,25.0,,2020.09.27 07:51:24,1,,,,Primary,,No,
314,2020.09.27 07:51:24,2020.09.27 07:51:24,7.0,38.96043,17.92403,,Hit,2020.09.27 07:51:24,1,No,No,,,5806 2903 2902 9 0 0 2 0,No,
315,2020.09.27 12:00:00,2020.09.27 12:00:00,,,,23.0,,2020.09.27 14:00:14,1,,,,Primary,,No,
316,2020.09.27 14:00:14,2020.09.27 14:00:14,3.0,38.9324,17.92403,,Hit,2020.09.27 14:00:14,1,No,No,,,0 0 2728 7 0 0 0 0,No,
317,2020.09.27 22:19:35,2020.09.27 22:19:35,4.0,38.94697,17.9822,,Hit,2020.09.27 22:19:35,1,No,No,,,0 0 2554 7 0 0 0 0,No,
318,2020.09.28 00:00:00,2020.09.28 00:00:00,,,,25.0,,2020.09.28 06:32:05,1,,,,Primary,,No,
319,2020.09.28 06:32:05,2020.09.28 06:32:05,2.0,38.96098,18.07,,Hit,2020.09.28 06:32:05,1,No,No,,,0 0 3024 9 0 0 0 0,No,
320,2020.09.28 12:00:00,2020.09.28 12:00:00,,,,23.0,,2020.09.28 13:23:03,1,,,,Primary,,No,
321,2020.09.28 13:23:03,2020.09.28 13:23:03,4.0,38.968,18.026120000000002,,Hit,2020.09.28 13:23:03,1,No,No,,,0 0 2595 7 0 0 0 0,No,
322,2020.09.28 22:25:56,2020.09.28 22:25:56,3.0,39.05962,17.9525,,Hit,2020.09.28 22:25:56,1,,,,,,,Incomplete Transfer
323,2020.09.29 00:00:00,2020.09.29 00:00:00,,,,25.0,,2020.09.29 06:36:09,1,,,,Primary,,No,
324,2020.09.29 00:44:59,2020.09.29 00:44:59,3.0,39.031620000000004,17.9525,,Hit,2020.09.29 00:44:59,1,No,No,,,10226 1704 2710 10 0 0 5 1,No,
325,2020.09.29 06:36:09,2020.09.29 06:36:09,2.0,39.017,17.8943,,Hit,2020.09.29 06:36:09,1,No,No,,,0 0 2975 7 0 0 0 0,No,
326,2020.09.29 12:00:00,2020.09.29 12:00:00,,,,25.0,,2020.09.29 13:25:58,1,,,,Primary,,No,
327,2020.09.29 13:25:58,2020.09.29 13:25:58,4.0,39.11622,17.922729999999998,,Hit,2020.09.29 13:25:58,1,No,No,,,0 0 3183 7 0 0 0 0,No,
328,2020.09.29 22:33:20,2020.09.29 22:33:20,4.0,39.207770000000004,17.84882,,Hit,2020.09.29 22:33:20,1,No,No,,,0 0 2240 6 1 0 0 0,No,
329,2020.09.30 00:00:00,2020.09.30 00:00:00,,,,25.0,,2020.09.30 12:19:23,1,,,,Primary,,No,
330,2020.09.30 12:00:00,2020.09.30 12:00:00,,,,21.0,,2020.09.30 12:19:23,1,,,,Primary,,No,
331,2020.09.30 12:19:23,2020.09.30 12:19:23,17.0,39.35725,18.03838,,Hit,2020.09.30 12:19:23,1,No,No,,,0 0 3512 5 0 0 0 0,No,
332,2020.10.01 00:00:00,2020.10.01 00:00:00,,,,25.0,,2020.10.01 06:00:57,1,,,,Primary,,No,
333,2020.10.01 06:00:57,2020.10.01 06:00:57,,,,,Hit,2020.10.01 06:00:57,1,No,No,,,0 0 1933 3 0 0 0 0,No,
334,2020.10.01 12:00:00,2020.10.01 12:00:00,,,,20.0,,2020.10.02 00:07:24,1,,,,Primary,,No,
335,2020.10.02 00:00:00,2020.10.02 00:00:00,,,,25.0,,2020.10.02 00:07:24,1,,,,Primary,,No,
336,2020.10.02 00:07:24,2020.10.02 00:07:24,4.0,39.35068,18.3762,,Hit,2020.10.02 00:07:24,1,No,No,,,0 0 525 3 0 0 0 0,No,
337,2020.10.02 12:00:00,2020.10.02 12:00:00,,,,25.0,,2020.10.02 20:20:36,1,,,,Primary,,No,
338,2020.10.02 20:20:36,2020.10.02 20:20:36,4.0,39.293620000000004,18.698970000000003,,Hit,2020.10.02 20:20:36,1,No,No,,,0 0 4287 3 0 0 0 0,No,
339,2020.10.03 00:00:00,2020.10.03 00:00:00,,,,25.0,,2020.10.03 17:05:20,1,,,,Primary,,No,
340,2020.10.03 12:00:00,2020.10.03 12:00:00,,,,25.0,,2020.10.03 17:05:20,1,,,,Primary,,No,
341,2020.10.03 17:05:20,2020.10.03 17:05:20,30.0,39.39725,19.2725,,Hit,2020.10.03 17:05:20,1,No,No,,,5378 5378 5881 3 0 0 1 0,No,
342,2020.10.04 00:00:00,2020.10.04 00:00:00,,,,25.0,,2020.10.04 09:51:30,1,,,,Primary,,No,
343,2020.10.04 09:51:30,2020.10.04 09:51:30,12.0,39.67233,19.34947,,Hit,2020.10.04 09:51:30,1,No,No,,,396 198 3087 3 0 0 1 1,No,
344,2020.10.04 12:00:00,2020.10.04 12:00:00,,,,25.0,,2020.10.05 06:14:28,1,,,,Primary,,No,
345,2020.10.05 00:00:00,2020.10.05 00:00:00,,,,25.0,,2020.10.05 06:14:28,1,,,,Primary,,No,
346,2020.10.05 06:14:28,2020.10.05 06:14:28,3.0,39.94945,19.13093,,Hit,2020.10.05 06:14:28,1,No,No,,,0 0 3748 2 1 0 0 0,No,
347,2020.10.05 12:00:00,2020.10.05 12:00:00,,,,20.0,,2020.10.06 01:49:09,1,,,,Primary,,No,
348,2020.10.06 00:00:00,2020.10.06 00:00:00,,,,21.0,,2020.10.06 01:49:09,1,,,,Primary,,No,
349,2020.10.06 01:49:09,2020.10.06 01:49:09,2.0,40.19157,18.8065,,Hit,2020.10.06 01:49:09,1,No,No,,,6858 2286 14 4 0 0 2 1,No,
350,2020.10.06 12:00:00,2020.10.06 12:00:00,,,,24.0,,2020.10.07 07:08:04,2,,,,Primary,,No,
351,2020.10.07 00:00:00,2020.10.07 00:00:00,,,,24.0,,2020.10.07 16:11:11,1,,,,Primary,,No,
352,2020.10.07 06:11:58,2020.10.07 06:11:58,3.0,39.87365,18.819670000000002,,Hit,2020.10.07 06:11:58,1,,,,,,,Incomplete Transfer
353,2020.10.07 07:07:48,2020.10.07 07:07:48,6.0,39.85178,18.804579999999998,,Hit,2020.10.07 07:07:48,1,,,,,,,
354,2020.10.07 07:08:04,2020.10.07 07:08:04,7.0,39.84433,18.84883,,Hit,2020.10.07 07:08:04,1,No,No,,,0 0 3213 0 0 0 0 0,No,
355,2020.10.07 09:11:26,2020.10.07 09:11:26,6.0,39.84433,18.84883,,Hit,2020.10.07 09:11:26,1,No,No,,,6938 3469 3437 0 0 0 2 0,No,
356,2020.10.07 09:11:38,2020.10.07 09:11:38,6.0,39.86618,18.86395,,Hit,2020.10.07 09:11:38,1,,,,,,,
357,2020.10.07 09:11:45,2020.10.07 09:11:45,7.0,39.85178,18.804579999999998,,Hit,2020.10.07 09:11:45,1,,,,,,,
358,2020.10.07 09:11:52,2020.10.07 09:11:52,,,,,,2020.10.07 09:11:53,1,,,07 02 35 46 32 41 41 44 39 33 2C 42 31 00,,,No,
359,2020.10.07 09:11:53,2020.10.07 09:11:53,7.0,39.85178,18.804579999999998,22.0,Hit,2020.10.07 09:11:53,1,,,,,,No,
360,2020.10.07 12:00:00,2020.10.07 12:00:00,,,,19.0,,2020.10.07 16:11:11,1,,,,Primary,,No,
361,2020.10.07 16:11:11,2020.10.07 16:11:11,4.0,39.80227,18.78953,,Hit,2020.10.07 16:11:11,1,No,No,,,0 0 3912 1 0 0 0 0,No,
362,2020.10.08 00:00:00,2020.10.08 00:00:00,,,,24.0,,2020.10.08 10:49:01,1,,,,Primary,,No,
363,2020.10.08 10:49:01,2020.10.08 10:49:01,2.0,39.66108,18.700329999999997,,Hit,2020.10.08 10:49:01,1,No,No,,,4262 4262 18 3 0 0 1 0,No,
364,2020.10.08 12:00:00,2020.10.08 12:00:00,,,,26.0,,2020.10.09 04:26:05,1,,,,Primary,,No,
365,2020.10.09 00:00:00,2020.10.09 00:00:00,,,,24.0,,2020.10.09 04:26:05,1,,,,Primary,,No,
366,2020.10.09 04:13:09,2020.10.09 04:13:09,2.0,39.59847,18.59708,,Hit,2020.10.09 04:13:09,1,,,,,,,Incomplete Transfer
367,2020.10.09 04:26:05,2020.10.09 04:26:05,6.0,39.53425,18.670479999999998,,Hit,2020.10.09 04:26:05,1,No,No,,,12240 2448 2448 3 0 0 4 1,No,
368,2020.10.09 12:00:00,2020.10.09 12:00:00,,,,21.0,,2020.10.10 00:48:15,1,,,,Primary,,No,
369,2020.10.10 00:00:00,2020.10.10 00:00:00,,,,24.0,,2020.10.10 21:10:28,1,,,,Primary,,No,
370,2020.10.10 00:48:15,2020.10.10 00:48:15,3.0,39.4426,18.44965,,Hit,2020.10.10 00:48:15,1,No,No,,,0 0 3449 3 0 0 0 0,No,
371,2020.10.10 12:00:00,2020.10.10 12:00:00,,,,23.0,,2020.10.10 21:10:28,1,,,,Primary,,No,
372,2020.10.10 21:10:28,2020.10.10 21:10:28,2.0,39.28658,18.59625,,Hit,2020.10.10 21:10:28,1,No,No,,,1694 1694 3384 4 0 0 0 1,No,
373,2020.10.11 00:00:00,2020.10.11 00:00:00,,,,24.0,,2020.10.11 22:19:20,2,,,,Primary,,No,
374,2020.10.11 12:00:00,2020.10.11 12:00:00,,,,24.0,,2020.10.11 22:19:20,2,,,,Primary,,No,
375,2020.10.11 22:19:20,2020.10.11 22:19:20,12.0,39.25792,18.88955,,Hit,2020.10.11 22:19:20,1,No,No,,,25264 3158 5541 4 0 0 6 2,No,
376,2020.10.11 23:23:51,2020.10.11 23:23:51,6.0,39.25105,18.7868,,Hit,2020.10.11 23:23:51,1,No,No,,,30805 3423 3727 4 0 0 7 2,No,
377,2020.10.12 00:00:00,2020.10.12 00:00:00,,,,24.0,,2020.10.12 09:59:31,1,,,,Primary,,No,
378,2020.10.12 09:59:31,2020.10.12 09:59:31,3.0,39.3148,18.86065,,Hit,2020.10.12 09:59:31,1,No,No,,,3646 3646 3812 2 0 0 1 0,No,
379,2020.10.12 12:00:00,2020.10.12 12:00:00,,,,22.0,,2020.10.13 06:09:57,1,,,,Primary,,No,
380,2020.10.13 00:00:00,2020.10.13 00:00:00,,,,24.0,,2020.10.13 06:09:57,1,,,,Primary,,No,
381,2020.10.13 06:09:57,2020.10.13 06:09:57,2.0,39.3922,18.87567,,Hit,2020.10.13 06:09:57,1,No,No,,,0 0 2370 4 0 0 0 0,No,
382,2020.10.13 12:00:00,2020.10.13 12:00:00,,,,20.0,,2020.10.14 00:43:54,1,,,,Primary,,No,
383,2020.10.14 00:00:00,2020.10.14 00:00:00,,,,24.0,,2020.10.14 00:43:54,1,,,,Primary,,No,
384,2020.10.14 00:43:54,2020.10.14 00:43:54,11.0,39.35692,18.919620000000002,,Hit,2020.10.14 00:43:54,1,No,No,,,0 0 2956 3 0 0 0 0,No,
385,2020.10.14 00:44:14,2020.10.14 00:44:14,,,,,Hit,2020.10.14 00:44:14,1,,,,,,,
386,2020.10.14 00:44:37,2020.10.14 00:44:37,18.0,39.35692,18.919620000000002,,Hit,2020.10.14 00:44:37,1,,,,,,,Incomplete Transfer
387,2020.10.14 12:00:00,2020.10.14 12:00:00,,,,19.0,,2020.10.14 20:43:36,1,,,,Primary,,No,
388,2020.10.14 20:01:50,2020.10.14 20:01:50,2.0,39.3353,18.90457,,Hit,2020.10.14 20:01:50,1,,,,,,,Incomplete Transfer
389,2020.10.14 20:43:36,2020.10.14 20:43:36,8.0,39.3495,18.96353,,Hit,2020.10.14 20:43:36,1,No,No,,,10666 2667 2252 3 0 0 3 1,No,
390,2020.10.14 20:44:02,2020.10.14 20:44:02,7.0,39.3353,18.90457,,Hit,2020.10.14 20:44:02,1,,,,,,,
391,2020.10.15 00:00:00,2020.10.15 00:00:00,,,,24.0,,2020.10.15 12:01:50,1,,,,Primary,,No,
392,2020.10.15 12:00:00,2020.10.15 12:00:00,,,,22.0,,2020.10.15 12:01:50,1,,,,Primary,,No,
393,2020.10.15 12:01:50,2020.10.15 12:01:50,3.0,39.348729999999996,19.11037,,Hit,2020.10.15 12:01:50,1,No,No,,,2252 2252 3377 3 0 0 1 0,No,
394,2020.10.15 12:02:00,2020.10.15 12:02:00,,,,,,2020.10.15 12:02:05,1,,,07 02 35 46 32 41 41 44 39 33 2C 42 31 00,,,No,
395,2020.10.15 12:02:05,2020.10.15 12:02:05,3.0,39.348729999999996,19.11037,23.0,Hit,2020.10.15 12:02:05,1,,,,,,No,
396,2020.10.16 00:00:00,2020.10.16 00:00:00,,,,24.0,,2020.10.16 10:50:20,1,,,,Primary,,No,
397,2020.10.16 10:50:20,2020.10.16 10:50:20,17.0,39.4057,19.081670000000003,,Hit,2020.10.16 10:50:20,1,No,No,,,0 0 3812 3 0 0 0 0,No,
398,2020.10.16 12:00:00,2020.10.16 12:00:00,,,,20.0,,2020.10.17 06:00:16,1,,,,Primary,,No,
399,2020.10.17 00:00:00,2020.10.17 00:00:00,,,,24.0,,2020.10.17 06:00:16,1,,,,Primary,,No,
400,2020.10.17 06:00:16,2020.10.17 06:00:16,12.0,39.4048,19.228620000000003,,Hit,2020.10.17 06:00:16,1,No,No,,,0 0 2182 4 0 0 0 0,No,
401,2020.10.17 12:00:00,2020.10.17 12:00:00,,,,20.0,,2020.10.18 00:00:14,1,,,,Primary,,No,
402,2020.10.18 00:00:00,2020.10.18 00:00:00,,,,20.0,,2020.10.18 00:00:14,1,,,,Primary,,No,
403,2020.10.18 00:00:14,2020.10.18 00:00:14,3.0,39.48965,19.200020000000002,,Hit,2020.10.18 00:00:14,1,No,No,,,0 0 3384 3 0 0 0 0,No,
404,2020.10.18 12:00:00,2020.10.18 12:00:00,,,,20.0,,2020.10.18 18:03:10,1,,,,Primary,,No,
405,2020.10.18 18:03:10,2020.10.18 18:03:10,,,,,Hit,2020.10.18 18:03:10,1,No,No,,,0 0 2813 2 0 0 0 0,No,
406,2020.10.19 00:00:00,2020.10.19 00:00:00,,,,23.0,,2020.10.19 15:05:59,1,,,,Primary,,No,
407,2020.10.19 12:00:00,2020.10.19 12:00:00,,,,24.0,,2020.10.19 15:05:59,1,,,,Primary,,No,
408,2020.10.19 15:05:59,2020.10.19 15:05:59,2.0,39.58952,19.08332,,Hit,2020.10.19 15:05:59,1,No,No,,,2994 2994 3599 3 1 0 1 0,No,
409,2020.10.20 00:00:00,2020.10.20 00:00:00,,,,23.0,,2020.10.20 08:21:37,1,,,,Primary,,No,
410,2020.10.20 08:21:37,2020.10.20 08:21:37,,,,,Hit,2020.10.20 08:21:37,1,No,No,,,0 0 5152 3 0 0 0 0,No,
411,2020.10.20 12:00:00,2020.10.20 12:00:00,,,,22.0,,2020.10.21 05:22:40,1,,,,Primary,,No,
412,2020.10.21 00:00:00,2020.10.21 00:00:00,,,,23.0,,2020.10.21 05:22:40,1,,,,Primary,,No,
413,2020.10.21 05:22:40,2020.10.21 05:22:40,2.0,39.61855,18.78862,,Hit,2020.10.21 05:22:40,1,No,No,,,8426 2107 6470 3 0 0 3 1,No,
414,2020.10.21 05:22:51,2020.10.21 05:22:51,2.0,39.61855,18.78862,,Hit,2020.10.21 05:22:51,1,,,,,,,
415,2020.10.21 12:00:00,2020.10.21 12:00:00,,,,18.0,,2020.10.21 20:18:02,1,,,,Primary,,No,
416,2020.10.21 20:18:02,2020.10.21 20:18:02,3.0,39.5489,18.58223,,Hit,2020.10.21 20:18:02,1,No,No,,,0 0 3655 3 0 0 0 0,No,
417,2020.10.22 00:00:00,2020.10.22 00:00:00,,,,22.0,,2020.10.22 14:24:26,1,,,,Primary,,No,
418,2020.10.22 12:00:00,2020.10.22 12:00:00,,,,18.0,,2020.10.22 14:24:26,1,,,,Primary,,No,
419,2020.10.22 14:24:26,2020.10.22 14:24:26,6.0,39.40025,18.39085,,Hit,2020.10.22 14:24:26,1,No,No,,,6191 6191 6191 3 0 0 1 0,No,
420,2020.10.22 14:24:41,2020.10.22 14:24:41,6.0,39.40025,18.39085,,Hit,2020.10.22 14:24:41,1,,,,,,,
421,2020.10.22 14:24:52,2020.10.22 14:24:52,6.0,39.37855,18.3762,,Hit,2020.10.22 14:24:52,1,,,,,,,
422,2020.10.22 14:25:04,2020.10.22 14:25:04,5.0,39.40025,18.39085,,Hit,2020.10.22 14:25:04,1,,,,,,,
423,2020.10.22 14:25:15,2020.10.22 14:25:15,5.0,39.40025,18.39085,,Hit,2020.10.22 14:25:15,1,,,,,,,
424,2020.10.22 14:25:24,2020.10.22 14:25:24,,,,,,2020.10.22 14:25:33,1,,,Update TPF 2020.10.22 12:03:57 00 00 35 46 32 41 41 44 39 33 2C 42 31 2C 35 46 39 31 37 35 32 44 00,,,No,
425,2020.10.22 14:25:33,2020.10.22 14:25:33,5.0,39.40025,18.39085,23.0,Hit,2020.10.22 14:25:33,1,,,,,,No,
426,2020.10.23 00:00:00,2020.10.23 00:00:00,,,,22.0,,2020.10.23 07:34:40,1,,,,Primary,,No,
427,2020.10.23 07:34:40,2020.10.23 07:34:40,5.0,39.24422,18.2444,,Hit,2020.10.23 07:34:40,1,No,No,,,6611 6611 4840 12 2 0 1 0,No,
428,2020.10.23 12:00:00,2020.10.23 12:00:00,,,,24.0,,2020.10.23 17:16:03,1,,,,Primary,,No,
429,2020.10.23 17:16:03,2020.10.23 17:16:03,12.0,39.159279999999995,18.12745,,Hit,2020.10.23 17:16:03,1,No,No,,,10070 3357 70 7 0 0 1 2,No,
430,2020.10.24 00:00:00,2020.10.24 00:00:00,,,,23.0,,2020.10.24 02:53:28,1,,,,Primary,,No,
431,2020.10.24 02:53:28,2020.10.24 02:53:28,3.0,39.1092,17.96675,,Hit,2020.10.24 02:53:28,1,No,No,,,0 0 4760 7 0 0 0 0,No,
432,2020.10.24 12:00:00,2020.10.24 12:00:00,,,,22.0,,2020.10.24 21:10:18,1,,,,Primary,,No,
433,2020.10.24 12:11:03,2020.10.24 12:11:03,,,,,Hit,2020.10.24 12:11:03,1,No,No,,,0 0 9037 6 0 0 0 0,No,
434,2020.10.24 21:10:18,2020.10.24 21:10:18,8.0,39.06585,17.76228,,Hit,2020.10.24 21:10:18,1,No,No,,,0 0 1079 7 1 0 0 0,No,
435,2020.10.25 00:00:00,2020.10.25 00:00:00,,,,23.0,,2020.10.25 09:43:59,1,,,,Primary,,No,
436,2020.10.25 09:43:59,2020.10.25 09:43:59,7.0,39.05803,17.66013,,Hit,2020.10.25 09:43:59,1,No,No,,,0 0 8630 6 0 0 0 0,No,
437,2020.10.25 12:00:00,2020.10.25 12:00:00,,,,23.0,,2020.10.25 19:09:57,1,,,,Primary,,No,
438,2020.10.25 19:09:57,2020.10.25 19:09:57,13.0,38.97248,17.5441,,Hit,2020.10.25 19:09:57,1,No,No,,,0 0 10720 6 0 0 0 0,No,
439,2020.10.26 00:00:00,2020.10.26 00:00:00,,,,22.0,,2020.10.26 07:37:29,1,,,,Primary,,No,
440,2020.10.26 07:37:29,2020.10.26 07:37:29,,,,,Hit,2020.10.26 07:37:29,1,No,No,,,0 0 5885 11 0 0 0 0,No,
441,2020.10.26 12:00:00,2020.10.26 12:00:00,,,,22.0,,2020.10.26 23:40:13,1,,,,Primary,,No,
442,2020.10.26 23:40:13,2020.10.26 23:40:13,,,,,Hit,2020.10.26 23:40:13,1,No,No,,,24897 2766 379 11 0 0 5 4,No,
443,2020.10.27 00:00:00,2020.10.27 00:00:00,,,,22.0,,2020.10.27 08:02:14,1,,,,Primary,,No,
444,2020.10.27 08:02:14,2020.10.27 08:02:14,2.0,38.737829999999995,17.38697,,Hit,2020.10.27 08:02:14,1,No,No,,,9108 9108 9108 6 1 0 1 0,No,
445,2020.10.27 12:00:00,2020.10.27 12:00:00,,,,23.0,,2020.10.27 17:48:40,1,,,,Primary,,No,
446,2020.10.27 17:48:40,2020.10.27 17:48:40,6.0,38.66005,17.37322,,Hit,2020.10.27 17:48:40,1,No,No,,,0 0 12064 4 0 0 0 0,No,
447,2020.10.28 00:00:00,2020.10.28 00:00:00,,,,22.0,,2020.10.28 05:00:23,1,,,,Primary,,No,
448,2020.10.28 05:00:23,2020.10.28 05:00:23,5.0,38.6398,17.5048,,Hit,2020.10.28 05:00:23,1,No,No,,,0 0 13 9 3 0 0 0,No,
449,2020.10.28 12:00:00,2020.10.28 12:00:00,,,,22.0,,2020.10.28 15:03:31,1,,,,Primary,,No,
450,2020.10.28 15:03:31,2020.10.28 15:03:31,11.0,38.52705,17.534779999999998,,Hit,2020.10.28 15:03:31,1,No,No,,,2489 830 114 8 2 0 1 2,No,
451,2020.10.29 00:00:00,2020.10.29 00:00:00,,,,23.0,,2020.10.29 09:02:19,1,,,,Primary,,No,
452,2020.10.29 00:04:40,2020.10.29 00:04:40,3.0,38.46482,17.7534,,Hit,2020.10.29 00:04:40,1,No,No,,,1157 1157 1157 8 0 0 1 0,No,
453,2020.10.29 09:02:19,2020.10.29 09:02:19,6.0,38.3244,17.95737,,Hit,2020.10.29 09:02:19,1,No,No,,,0 0 6431 7 0 0 0 0,No,
454,2020.10.29 12:00:00,2020.10.29 12:00:00,,,,24.0,,2020.10.29 19:05:22,1,,,,Primary,,No,
455,2020.10.29 19:05:22,2020.10.29 19:05:22,13.0,38.23217,17.8857,,Hit,2020.10.29 19:05:22,1,No,No,,,16046 4012 2236 7 0 0 4 0,No,
456,2020.10.30 00:00:00,2020.10.30 00:00:00,,,,23.0,,2020.10.30 02:48:34,2,,,,Primary,,No,
457,2020.10.30 02:48:34,2020.10.30 02:48:34,6.0,38.182629999999996,17.871679999999998,,Hit,2020.10.30 02:48:34,1,No,No,,,10136 1689 47 5 0 0 5 1,No,
458,2020.10.30 03:08:32,2020.10.30 03:08:32,,,,,Hit,2020.10.30 03:08:32,1,No,No,,,10183 1455 1073 5 0 0 5 2,No,
459,2020.10.30 12:00:00,2020.10.30 12:00:00,,,,23.0,,2020.10.30 14:56:58,1,,,,Primary,,No,
460,2020.10.30 14:56:58,2020.10.30 14:56:58,14.0,38.055170000000004,17.84368,,Hit,2020.10.30 14:56:58,1,No,No,,,0 0 6492 6 0 0 0 0,No,
461,2020.10.31 00:00:00,2020.10.31 00:00:00,,,,23.0,,2020.10.31 01:44:48,1,,,,Primary,,No,
462,2020.10.31 01:44:48,2020.10.31 01:44:48,2.0,37.96962,17.72905,,Hit,2020.10.31 01:44:48,1,No,No,,,0 0 3268 11 0 0 0 0,No,
463,2020.10.31 12:00:00,2020.10.31 12:00:00,,,,23.0,,2020.10.31 22:25:30,1,,,,Primary,,No,
464,2020.10.31 14:36:37,2020.10.31 14:36:37,,,,,Hit,2020.10.31 14:36:37,1,No,No,,,8818 4409 6598 7 0 0 2 0,No,
465,2020.10.31 22:25:30,2020.10.31 22:25:30,2.0,37.9268,17.67182,,Hit,2020.10.31 22:25:30,1,No,No,,,2551 2551 2551 7 0 0 1 0,No,
466,2020.11.01 00:00:00,2020.11.01 00:00:00,,,,22.0,,2020.11.01 08:33:11,1,,,,Primary,,No,
467,2020.11.01 08:33:11,2020.11.01 08:33:11,3.0,37.9268,17.67182,,Hit,2020.11.01 08:33:11,1,No,No,,,4062 2031 26 7 1 0 2 0,No,
468,2020.11.01 12:00:00,2020.11.01 12:00:00,,,,22.0,,2020.11.01 18:55:46,1,,,,Primary,,No,
469,2020.11.01 18:55:46,2020.11.01 18:55:46,10.0,38.01047,17.49812,,Hit,2020.11.01 18:55:46,1,No,No,,,0 0 4016 6 0 0 0 0,No,
470,2020.11.02 00:00:00,2020.11.02 00:00:00,,,,23.0,,2020.11.02 06:41:37,1,,,,Primary,,No,
471,2020.11.02 06:41:37,2020.11.02 06:41:37,3.0,38.13682,17.38125,,Hit,2020.11.02 06:41:37,1,No,No,,,18263 6088 5260 10 0 0 1 2,No,
472,2020.11.02 12:00:00,2020.11.02 12:00:00,,,,24.0,,2020.11.02 23:36:03,1,,,,Primary,,No,
473,2020.11.02 14:04:48,2020.11.02 14:04:48,9.0,38.22935,17.452170000000002,,Hit,2020.11.02 14:04:48,1,No,No,,,6146 6146 7598 4 0 0 1 0,No,
474,2020.11.02 23:36:03,2020.11.02 23:36:03,2.0,38.32183,17.52327,,Hit,2020.11.02 23:36:03,1,No,No,,,0 0 7591 6 0 0 0 0,No,
475,2020.11.03 00:00:00,2020.11.03 00:00:00,,,,23.0,,2020.11.03 11:47:37,1,,,,Primary,,No,
476,2020.11.03 11:47:37,2020.11.03 11:47:37,3.0,38.42205,17.69577,,Hit,2020.11.03 11:47:37,1,No,No,,,0 0 6566 5 1 0 0 0,No,
477,2020.11.03 12:00:00,2020.11.03 12:00:00,,,,23.0,,2020.11.03 22:24:07,1,,,,Primary,,No,
478,2020.11.03 22:24:07,2020.11.03 22:24:07,4.0,38.46482,17.7534,,Hit,2020.11.03 22:24:07,1,No,No,,,0 0 1808 9 1 0 0 0,No,
479,2020.11.04 00:00:00,2020.11.04 00:00:00,,,,22.0,,2020.11.04 10:52:59,1,,,,Primary,,No,
480,2020.11.04 10:52:59,2020.11.04 10:52:59,4.0,38.50822,17.95615,,Hit,2020.11.04 10:52:59,1,No,No,,,5030 5030 15 8 1 0 1 0,No,
481,2020.11.04 12:00:00,2020.11.04 12:00:00,,,,22.0,,2020.11.05 01:15:32,1,,,,Primary,,No,
482,2020.11.05 00:00:00,2020.11.05 00:00:00,,,,22.0,,2020.11.05 16:14:17,1,,,,Primary,,No,
483,2020.11.05 01:15:32,2020.11.05 01:15:32,2.0,38.64997,18.04242,,Hit,2020.11.05 01:15:32,1,No,No,,,0 0 8442 5 1 0 0 0,No,
484,2020.11.05 12:00:00,2020.11.05 12:00:00,,,,21.0,,2020.11.05 16:14:17,1,,,,Primary,,No,
485,2020.11.05 16:14:00,2020.11.05 16:14:00,,,,,Hit,2020.11.05 16:14:00,1,,,,,,,
486,2020.11.05 16:14:17,2020.11.05 16:14:17,,,,,Hit,2020.11.05 16:14:17,1,No,No,,,0 0 2334 0 0 0 0 0,No,
487,2020.11.06 00:00:00,2020.11.06 00:00:00,,,,22.0,,2020.11.06 07:14:20,1,,,,Primary,,No,
488,2020.11.06 07:14:20,2020.11.06 07:14:20,6.0,38.912,18.34742,,Hit,2020.11.06 07:14:20,1,No,No,,,22992 4598 6821 8 0 0 4 1,No,
489,2020.11.06 12:00:00,2020.11.06 12:00:00,,,,21.0,,2020.11.06 14:31:05,1,,,,Primary,,No,
490,2020.11.06 14:31:05,2020.11.06 14:31:05,3.0,39.01825,18.47878,,Hit,2020.11.06 14:31:05,1,No,No,,,0 0 5612 3 0 0 0 0,No,
491,2020.11.07 00:00:00,2020.11.07 00:00:00,,,,21.0,,2020.11.07 08:53:38,1,,,,Primary,,No,
492,2020.11.07 01:44:39,2020.11.07 01:44:39,2.0,38.968720000000005,18.46415,,Hit,2020.11.07 01:44:39,1,No,No,,,0 0 6717 7 0 0 0 0,No,
493,2020.11.07 08:53:38,2020.11.07 08:53:38,15.0,39.0039,18.42033,,Hit,2020.11.07 08:53:38,1,No,No,,,0 0 5729 7 0 0 0 0,No,
494,2020.11.07 12:00:00,2020.11.07 12:00:00,,,,19.0,,2020.11.07 19:57:22,1,,,,Primary,,No,
495,2020.11.07 19:57:22,2020.11.07 19:57:22,3.0,39.06778,18.49343,,Hit,2020.11.07 19:57:22,1,No,No,,,0 0 8736 7 0 0 0 0,No,
496,2020.11.08 00:00:00,2020.11.08 00:00:00,,,,21.0,,2020.11.08 05:04:13,1,,,,Primary,,No,
497,2020.11.08 05:04:13,2020.11.08 05:04:13,2.0,39.11015,18.40568,,Hit,2020.11.08 05:04:13,1,No,No,,,0 0 8088 6 0 0 0 0,No,
498,2020.11.08 12:00:00,2020.11.08 12:00:00,,,,18.0,,2020.11.08 14:58:26,1,,,,Primary,,No,
499,2020.11.08 14:58:26,2020.11.08 14:58:26,2.0,39.16688,18.37635,,Hit,2020.11.08 14:58:26,1,No,No,,,7158 7158 7158 6 0 0 1 0,No,
500,2020.11.09 00:00:00,2020.11.09 00:00:00,,,,21.0,,2020.11.09 01:05:56,1,,,,Primary,,No,
501,2020.11.09 01:05:56,2020.11.09 01:05:56,3.0,39.20198,18.33238,,Hit,2020.11.09 01:05:56,1,No,No,,,2094 2094 2094 7 0 0 1 0,No,
502,2020.11.09 10:26:02,2020.11.09 10:26:02,9.0,39.216429999999995,18.390970000000003,,Hit,2020.11.09 10:26:02,1,No,No,,,0 0 6921 6 0 0 0 0,No,
503,2020.11.09 12:00:00,2020.11.09 12:00:00,,,,20.0,,2020.11.10 02:53:12,2,,,,Primary,,No,
504,2020.11.10 00:00:00,2020.11.10 00:00:00,,,,20.0,,2020.11.10 10:28:00,1,,,,Primary,,No,
505,2020.11.10 02:48:37,2020.11.10 02:48:37,2.0,39.20198,18.33238,,Hit,2020.11.10 02:48:37,1,,,,,,,Incomplete Transfer
506,2020.11.10 02:53:12,2020.11.10 02:53:12,3.0,39.20915,18.2884,,Hit,2020.11.10 02:53:12,1,No,No,,,10829 10829 10829 7 0 0 1 0,No,
507,2020.11.10 03:23:07,2020.11.10 03:23:07,3.0,39.20915,18.2884,,Hit,2020.11.10 03:23:07,1,No,No,,,21658 10829 1663 7 0 0 2 0,No,
508,2020.11.10 10:28:00,2020.11.10 10:28:00,,,,,Hit,2020.11.10 10:28:00,1,No,No,,,0 0 5762 6 0 0 0 0,No,
509,2020.11.10 12:00:00,2020.11.10 12:00:00,,,,20.0,,2020.11.11 00:38:35,1,,,,Primary,,No,
510,2020.11.11 00:00:00,2020.11.11 00:00:00,,,,21.0,,2020.11.11 08:08:32,1,,,,Primary,,No,
511,2020.11.11 00:38:35,2020.11.11 00:38:35,2.0,39.10263,18.157020000000003,,Hit,2020.11.11 00:38:35,1,No,No,,,8938 2235 5772 10 0 0 4 0,No,
512,2020.11.11 08:08:32,2020.11.11 08:08:32,4.0,39.1097,18.11305,,Hit,2020.11.11 08:08:32,1,No,No,,,0 0 6786 6 0 0 0 0,No,
513,2020.11.11 12:00:00,2020.11.11 12:00:00,,,,20.0,,2020.11.11 20:00:16,1,,,,Primary,,No,
514,2020.11.11 20:00:16,2020.11.11 20:00:16,6.0,39.0386,17.9085,,Hit,2020.11.11 20:00:16,1,No,No,,,0 0 643 7 0 0 0 0,No,
515,2020.11.12 00:00:00,2020.11.12 00:00:00,,,,20.0,,2020.11.12 04:39:29,1,,,,Primary,,No,
516,2020.11.12 04:39:29,2020.11.12 04:39:29,2.0,39.07358,17.86448,,Hit,2020.11.12 04:39:29,1,No,No,,,0 0 8886 6 0 0 0 0,No,
517,2020.11.12 12:00:00,2020.11.12 12:00:00,,,,20.0,,2020.11.12 15:00:15,1,,,,Primary,,No,
518,2020.11.12 15:00:15,2020.11.12 15:00:15,3.0,39.03003,17.66013,,Hit,2020.11.12 15:00:15,1,No,No,,,0 0 8334 6 0 0 0 0,No,
519,2020.11.12 22:00:28,2020.11.12 22:00:28,,,,,Hit,2020.11.12 22:00:28,1,No,No,,,0 0 21 7 0 0 0 0,No,
520,2020.11.13 00:00:00,2020.11.13 00:00:00,,,,21.0,,2020.11.13 12:19:27,1,,,,Primary,,No,
521,2020.11.13 12:00:00,2020.11.13 12:00:00,,,,20.0,,2020.11.13 20:04:21,1,,,,Primary,,No,
522,2020.11.13 12:19:27,2020.11.13 12:19:27,3.0,39.11345,17.48375,,Hit,2020.11.13 12:19:27,1,No,No,,,0 0 8490 5 1 0 0 0,No,
523,2020.11.13 20:04:21,2020.11.13 20:04:21,6.0,39.0774,17.38162,,Hit,2020.11.13 20:04:21,1,No,No,,,8843 8843 8843 6 0 0 1 0,No,
524,2020.11.14 00:00:00,2020.11.14 00:00:00,,,,20.0,,2020.11.14 04:00:13,1,,,,Primary,,No,
525,2020.11.14 04:00:13,2020.11.14 04:00:13,6.0,39.04893,17.411920000000002,,Hit,2020.11.14 04:00:13,1,No,No,,,0 0 6372 7 0 0 0 0,No,
526,2020.11.14 12:00:00,2020.11.14 12:00:00,,,,22.0,,2020.11.14 12:00:16,1,,,,Primary,,No,
527,2020.11.14 12:00:16,2020.11.14 12:00:16,3.0,38.98482,17.30992,,Hit,2020.11.14 12:00:16,1,No,No,,,0 0 14 6 0 0 0 0,No,
528,2020.11.15 00:00:00,2020.11.15 00:00:00,,,,20.0,,2020.11.15 10:48:35,1,,,,Primary,,No,
529,2020.11.15 01:01:56,2020.11.15 01:01:56,3.0,38.820879999999995,17.2111,,Hit,2020.11.15 01:01:56,1,No,No,,,0 0 11515 7 0 0 0 0,No,
530,2020.11.15 10:48:35,2020.11.15 10:48:35,4.0,38.68678,17.22782,,Hit,2020.11.15 10:48:35,1,No,No,,,0 0 9657 5 0 0 0 0,No,
531,2020.11.15 12:00:00,2020.11.15 12:00:00,,,,33.0,,2020.11.15 20:31:52,1,,,,Primary,,No,
532,2020.11.15 20:31:52,2020.11.15 20:31:52,2.0,38.55932,17.20062,,Hit,2020.11.15 20:31:52,1,No,No,,,467 234 7742 8 0 0 0 2,No,
533,2020.11.16 00:00:00,2020.11.16 00:00:00,,,,21.0,,2020.11.16 08:46:03,1,,,,Primary,,No,
534,2020.11.16 08:46:03,2020.11.16 08:46:03,3.0,38.31922,17.23392,,Hit,2020.11.16 08:46:03,1,No,No,,,10817 5409 29 5 1 0 2 0,No,
535,2020.11.16 12:00:00,2020.11.16 12:00:00,,,,21.0,,2020.11.16 17:37:51,1,,,,Primary,,No,
536,2020.11.16 17:37:51,2020.11.16 17:37:51,4.0,38.2397,17.07583,,Hit,2020.11.16 17:37:51,1,No,No,,,0 0 9299 5 0 0 0 0,No,
537,2020.11.17 00:00:00,2020.11.17 00:00:00,,,,21.0,,2020.11.17 05:46:36,1,,,,Primary,,No,
538,2020.11.17 05:46:36,2020.11.17 05:46:36,,,,,Hit,2020.11.17 05:46:36,1,No,No,,,0 0 8650 4 0 0 0 0,No,
539,2020.11.17 12:00:00,2020.11.17 12:00:00,,,,22.0,,2020.11.17 15:36:24,1,,,,Primary,,No,
540,2020.11.17 15:36:24,2020.11.17 15:36:24,2.0,38.14307,16.71673,,Hit,2020.11.17 15:36:24,1,No,No,,,0 0 4844 7 1 0 0 0,No,
541,2020.11.18 00:00:00,2020.11.18 00:00:00,,,,21.0,,2020.11.18 12:00:05,1,,,,Primary,,No,
542,2020.11.18 12:00:00,2020.11.18 12:00:00,,,,21.0,,2020.11.19 08:03:40,1,,,,Primary,,No,
543,2020.11.18 12:00:05,2020.11.18 12:00:05,5.0,38.1472,16.52867,,Hit,2020.11.18 12:00:05,1,No,No,,,10881 1088 7165 12 0 0 2 8,No,
544,2020.11.19 00:00:00,2020.11.19 00:00:00,,,,21.0,,2020.11.19 08:04:01,1,,,,Primary,,No,
545,2020.11.19 08:03:31,2020.11.19 08:03:31,3.0,38.04535,16.35867,,Hit,2020.11.19 08:03:31,1,No,No,,,1145 382 7718 17 0 0 1 2,No,
546,2020.11.19 08:03:40,2020.11.19 08:03:40,2.0,38.0516,16.31492,,Hit,2020.11.19 08:03:40,1,No,No,,,0 0 7718 0 0 0 0 0,No,
547,2020.11.19 08:04:01,2020.11.19 08:04:01,2.0,38.04535,16.35867,,Hit,2020.11.19 08:04:01,1,No,No,,,0 0 7718 1 0 0 0 0,No,
548,2020.11.19 12:00:00,2020.11.19 12:00:00,,,,21.0,,2020.11.19 20:38:26,1,,,,Primary,,No,
549,2020.11.19 14:37:34,2020.11.19 14:37:34,2.0,38.00188,16.302120000000002,,Hit,2020.11.19 14:37:34,1,,,,,,,
550,2020.11.19 20:38:26,2020.11.19 20:38:26,3.0,37.95217,16.28933,,Hit,2020.11.19 20:38:26,1,No,No,,,0 0 10921 3 0 0 0 0,No,
551,2020.11.20 00:00:00,2020.11.20 00:00:00,,,,21.0,,2020.11.20 10:23:27,1,,,,Primary,,No,
552,2020.11.20 10:23:27,2020.11.20 10:23:27,5.0,37.83048,16.22018,,Hit,2020.11.20 10:23:27,1,No,No,,,8399 8399 8399 6 0 0 1 0,No,
553,2020.11.20 12:00:00,2020.11.20 12:00:00,,,,21.0,,2020.11.20 19:00:20,1,,,,Primary,,No,
554,2020.11.20 19:00:20,2020.11.20 19:00:20,8.0,37.78693,16.16385,,Hit,2020.11.20 19:00:20,1,No,No,,,0 0 8198 6 0 0 0 0,No,
555,2020.11.21 00:00:00,2020.11.21 00:00:00,,,,21.0,,2020.11.21 05:04:40,1,,,,Primary,,No,
556,2020.11.21 05:04:40,2020.11.21 05:04:40,3.0,37.74333,16.1076,,Hit,2020.11.21 05:04:40,1,No,No,,,315 315 315 8 0 0 1 0,No,
557,2020.11.21 12:00:00,2020.11.21 12:00:00,,,,21.0,,2020.11.21 14:49:45,1,,,,Primary,,No,
558,2020.11.21 14:49:45,2020.11.21 14:49:45,,,,,Hit,2020.11.21 14:49:45,1,No,No,,,0 0 6862 6 1 0 0 0,No,
559,2020.11.21 22:00:27,2020.11.21 22:00:27,3.0,37.628820000000005,16.026320000000002,,Hit,2020.11.21 22:00:27,1,No,No,,,0 0 11 8 0 0 0 0,No,
560,2020.11.22 00:00:00,2020.11.22 00:00:00,,,,21.0,,2020.11.22 06:00:15,1,,,,Primary,,No,
561,2020.11.22 06:00:15,2020.11.22 06:00:15,2.0,37.59725,15.88313,,Hit,2020.11.22 06:00:15,1,No,No,,,0 0 56 8 0 0 0 0,No,
562,2020.11.22 12:00:00,2020.11.22 12:00:00,,,,20.0,,2020.11.22 14:39:56,1,,,,Primary,,No,
563,2020.11.22 14:39:56,2020.11.22 14:39:56,5.0,37.55353,15.827179999999998,,Hit,2020.11.22 14:39:56,1,No,No,,,7631 7631 7631 7 0 0 1 0,No,
564,2020.11.23 00:00:00,2020.11.23 00:00:00,,,,20.0,,2020.11.23 00:00:36,1,,,,Primary,,No,
565,2020.11.23 00:00:36,2020.11.23 00:00:36,4.0,37.53837,15.771270000000001,,Hit,2020.11.23 00:00:36,1,No,No,,,0 0 10 10 0 0 0 0,No,
566,2020.11.23 09:00:19,2020.11.23 09:00:19,4.0,37.56548,15.73998,,Hit,2020.11.23 09:00:19,1,No,No,,,0 0 13 9 0 0 0 0,No,
567,2020.11.23 12:00:00,2020.11.23 12:00:00,,,,21.0,,2020.11.23 18:00:26,1,,,,Primary,,No,
568,2020.11.23 18:00:26,2020.11.23 18:00:26,4.0,37.54097,15.584679999999999,,Hit,2020.11.23 18:00:26,1,No,No,,,0 0 1959 8 1 0 0 0,No,
569,2020.11.24 12:00:00,2020.11.24 12:00:00,,,,21.0,,2020.11.24 22:43:23,1,,,,Primary,,No,
570,2020.11.24 22:43:23,2020.11.24 22:43:23,,,,,Hit,2020.11.24 22:43:23,1,No,No,,,0 0 8617 5 0 0 0 0,No,
571,2020.11.25 00:00:00,2020.11.25 00:00:00,,,,20.0,,2020.11.25 12:44:30,1,,,,Primary,,No,
572,2020.11.25 12:00:00,2020.11.25 12:00:00,,,,21.0,,2020.11.25 18:30:15,1,,,,Primary,,No,
573,2020.11.25 12:44:30,2020.11.25 12:44:30,3.0,37.09737,15.4012,,Hit,2020.11.25 12:44:30,1,No,No,,,11213 3738 3233 8 1 0 3 0,No,
574,2020.11.25 18:26:04,2020.11.25 18:26:04,3.0,36.99793,15.377329999999999,,Hit,2020.11.25 18:26:04,1,,,,,,,Incomplete Transfer
575,2020.11.25 18:30:15,2020.11.25 18:30:15,6.0,37.01885,15.38925,,Hit,2020.11.25 18:30:15,1,No,No,,,571 82 13 7 0 0 5 2,No,
576,2020.11.26 00:00:00,2020.11.26 00:00:00,,,,20.0,,2020.11.26 05:37:43,1,,,,Primary,,No,
577,2020.11.26 05:37:43,2020.11.26 05:37:43,2.0,36.74498,15.47132,,Hit,2020.11.26 05:37:43,1,No,No,,,0 0 2697 6 0 0 0 0,No,
578,2020.11.26 12:00:00,2020.11.26 12:00:00,,,,20.0,,2020.11.26 21:45:54,1,,,,Primary,,No,
579,2020.11.26 21:45:54,2020.11.26 21:45:54,3.0,36.4711,15.552779999999998,,Hit,2020.11.26 21:45:54,1,No,No,,,12195 12195 12195 7 0 0 1 0,No,
580,2020.11.27 00:00:00,2020.11.27 00:00:00,,,,19.0,,2020.11.27 10:38:36,1,,,,Primary,,No,
581,2020.11.27 10:38:36,2020.11.27 10:38:36,2.0,36.33702,15.571829999999999,,Hit,2020.11.27 10:38:36,1,No,No,,,9622 9622 36 5 0 0 1 0,No,
582,2020.11.27 12:00:00,2020.11.27 12:00:00,,,,19.0,,2020.11.28 00:20:49,2,,,,Primary,,No,
583,2020.11.28 00:00:00,2020.11.28 00:00:00,,,,19.0,,2020.11.28 12:44:37,1,,,,Primary,,No,
584,2020.11.28 00:20:49,2020.11.28 00:20:49,4.0,36.24107,15.688529999999998,,Hit,2020.11.28 00:20:49,1,No,No,,,0 0 5860 6 0 0 0 0,No,
585,2020.11.28 01:52:28,2020.11.28 01:52:28,3.0,36.24107,15.688529999999998,,Hit,2020.11.28 01:52:28,1,No,No,,,10859 5430 4999 7 0 0 2 0,No,
586,2020.11.28 12:00:00,2020.11.28 12:00:00,,,,20.0,,2020.11.29 02:57:06,1,,,,Primary,,No,
587,2020.11.28 12:44:37,2020.11.28 12:44:37,2.0,36.2442,15.82918,,Hit,2020.11.28 12:44:37,1,No,No,,,34552 6910 8065 6 0 0 5 0,No,
588,2020.11.29 00:00:00,2020.11.29 00:00:00,,,,20.0,,2020.11.29 13:20:37,1,,,,Primary,,No,
589,2020.11.29 02:57:06,2020.11.29 02:57:06,2.0,36.1976,15.95762,,Hit,2020.11.29 02:57:06,1,No,No,,,15663 15663 15663 4 0 0 1 0,No,
590,2020.11.29 12:00:00,2020.11.29 12:00:00,,,,20.0,,2020.11.30 01:30:54,1,,,,Primary,,No,
591,2020.11.29 13:20:37,2020.11.29 13:20:37,3.0,36.21222,16.01265,,Hit,2020.11.29 13:20:37,1,No,No,,,0 0 12583 4 0 0 0 0,No,
592,2020.11.30 00:00:00,2020.11.30 00:00:00,,,,19.0,,2020.11.30 11:07:07,1,,,,Primary,,No,
593,2020.11.30 01:30:54,2020.11.30 01:30:54,3.0,36.23543,16.05545,,Hit,2020.11.30 01:30:54,1,No,No,,,17626 8813 1573 8 1 0 2 0,No,
594,2020.11.30 11:07:07,2020.11.30 11:07:07,4.0,36.20043,16.09822,,Hit,2020.11.30 11:07:07,1,No,No,,,0 0 7633 6 0 0 0 0,No,
595,2020.11.30 12:00:00,2020.11.30 12:00:00,,,,17.0,,2020.12.01 09:13:22,1,,,,Primary,,No,
596,2020.12.01 00:00:00,2020.12.01 00:00:00,,,,19.0,,2020.12.01 09:13:22,1,,,,Primary,,No,
597,2020.12.01 09:13:22,2020.12.01 09:13:22,2.0,36.37825,16.13532,,Hit,2020.12.01 09:13:22,1,No,No,,,42192 14064 19 9 0 0 2 1,No,
598,2020.12.01 12:00:00,2020.12.01 12:00:00,,,,20.0,,2020.12.01 16:56:10,1,,,,Primary,,No,
599,2020.12.01 16:56:10,2020.12.01 16:56:10,3.0,36.42783,16.14772,,Hit,2020.12.01 16:56:10,1,No,No,,,0 0 3489 5 0 0 0 0,No,
600,2020.12.02 00:00:00,2020.12.02 00:00:00,,,,20.0,,2020.12.02 04:22:53,1,,,,Primary,,No,
601,2020.12.02 04:22:53,2020.12.02 04:22:53,,,,,Hit,2020.12.02 04:22:53,1,No,No,,,879 879 90 7 0 0 0 1,No,
602,2020.12.02 12:00:00,2020.12.02 12:00:00,,,,20.0,,2020.12.02 19:22:55,1,,,,Primary,,No,
603,2020.12.02 19:22:55,2020.12.02 19:22:55,3.0,36.58498,16.17258,,Hit,2020.12.02 19:22:55,1,No,No,,,107415 15345 15345 9 0 0 7 0,No,
604,2020.12.03 00:00:00,2020.12.03 00:00:00,,,,19.0,,2020.12.03 03:00:25,1,,,,Primary,,No,
605,2020.12.03 03:00:25,2020.12.03 03:00:25,2.0,36.60563,16.185029999999998,,Hit,2020.12.03 03:00:25,1,No,No,,,0 0 10 8 0 0 0 0,No,
606,2020.12.03 15:28:58,2020.12.03 15:28:58,5.0,36.68417,16.19752,,Hit,2020.12.03 15:28:58,1,No,No,,,0 0 13796 8 0 0 0 0,No,
607,2020.12.03 15:44:37,2020.12.03 15:44:37,5.0,36.66125,16.15452,,Hit,2020.12.03 15:44:37,1,,,,,,,
608,2020.12.04 00:00:00,2020.12.04 00:00:00,,,,19.0,,2020.12.04 03:12:41,1,,,,Primary,,No,
609,2020.12.04 03:12:41,2020.12.04 03:12:41,3.0,36.637170000000005,16.326420000000002,,Hit,2020.12.04 03:12:41,1,No,No,,,39 13 13 12 0 0 3 0,No,
610,2020.12.04 12:00:00,2020.12.04 12:00:00,,,,20.0,,2020.12.04 14:43:44,1,,,,Primary,,No,
611,2020.12.04 14:43:44,2020.12.04 14:43:44,3.0,36.65782,16.339,,Hit,2020.12.04 14:43:44,1,No,No,,,0 0 8206 7 0 0 0 0,No,
612,2020.12.05 00:00:00,2020.12.05 00:00:00,,,,19.0,,2020.12.05 07:01:46,1,,,,Primary,,No,
613,2020.12.05 05:32:20,2020.12.05 05:32:20,2.0,36.637170000000005,16.326420000000002,,Hit,2020.12.05 05:32:20,1,,,,,,,Incomplete Transfer
614,2020.12.05 07:01:46,2020.12.05 07:01:46,3.0,36.65782,16.339,,Hit,2020.12.05 07:01:46,1,No,No,,,9207 1535 563 8 1 0 4 2,No,
615,2020.12.05 12:00:00,2020.12.05 12:00:00,,,,20.0,,2020.12.05 17:54:38,1,,,,Primary,,No,
616,2020.12.05 17:54:38,2020.12.05 17:54:38,5.0,36.730270000000004,16.394579999999998,,Hit,2020.12.05 17:54:38,1,No,No,,,0 0 15431 6 0 0 0 0,No,
617,2020.12.06 00:00:00,2020.12.06 00:00:00,,,,19.0,,2020.12.06 00:00:18,1,,,,Primary,,No,
618,2020.12.06 00:00:18,2020.12.06 00:00:18,3.0,36.8209,16.3212,,Hit,2020.12.06 00:00:18,1,No,No,,,0 0 1210 7 0 0 0 0,No,
619,2020.12.06 10:00:35,2020.12.06 10:00:35,2.0,36.996,16.21705,,Hit,2020.12.06 10:00:35,1,No,No,,,0 0 12223 8 0 0 0 0,No,
620,2020.12.06 12:00:00,2020.12.06 12:00:00,,,,20.0,,2020.12.06 20:09:30,1,,,,Primary,,No,
621,2020.12.06 20:09:30,2020.12.06 20:09:30,2.0,37.10133,16.198970000000003,,Hit,2020.12.06 20:09:30,1,No,No,,,0 0 5740 5 1 0 0 0,No,
622,2020.12.07 00:00:00,2020.12.07 00:00:00,,,,19.0,,2020.12.07 08:08:36,1,,,,Primary,,No,
623,2020.12.07 08:08:36,2020.12.07 08:08:36,12.0,37.17973,16.21153,,Hit,2020.12.07 08:08:36,1,No,No,,,24 12 12 6 0 0 1 1,No,
624,2020.12.07 12:00:00,2020.12.07 12:00:00,,,,19.0,,2020.12.07 20:15:31,1,,,,Primary,,No,
625,2020.12.07 20:15:31,2020.12.07 20:15:31,4.0,37.33483,16.20598,,Hit,2020.12.07 20:15:31,1,No,No,,,0 0 14208 6 0 0 0 0,No,
626,2020.12.08 00:00:00,2020.12.08 00:00:00,,,,19.0,,2020.12.08 17:36:57,1,,,,Primary,,No,
627,2020.12.08 12:00:00,2020.12.08 12:00:00,,,,20.0,,2020.12.08 20:06:41,1,,,,Primary,,No,
628,2020.12.08 17:36:57,2020.12.08 17:36:57,6.0,37.38093,16.40483,,Hit,2020.12.08 17:36:57,1,No,No,,,3194 799 8337 20 0 0 1 3,No,
629,2020.12.08 20:06:41,2020.12.08 20:06:41,2.0,37.37475,16.448179999999997,,Hit,2020.12.08 20:06:41,1,No,No,,,0 0 8800 1 0 0 0 0,No,
630,2020.12.09 00:00:00,2020.12.09 00:00:00,,,,19.0,,2020.12.09 08:04:49,1,,,,Primary,,No,
631,2020.12.09 08:04:49,2020.12.09 08:04:49,6.0,37.27778,16.56525,,Hit,2020.12.09 08:04:49,1,No,No,,,686 686 686 7 0 0 1 0,No,
632,2020.12.09 12:00:00,2020.12.09 12:00:00,,,,21.0,,2020.12.10 05:32:23,1,,,,Primary,,No,
633,2020.12.10 00:00:00,2020.12.10 00:00:00,,,,19.0,,2020.12.10 11:03:21,1,,,,Primary,,No,
634,2020.12.10 05:32:23,2020.12.10 05:32:23,11.0,36.961929999999995,16.72937,,Hit,2020.12.10 05:32:23,1,No,No,,,24622 12311 14327 8 0 0 2 0,No,
635,2020.12.10 10:54:50,2020.12.10 10:54:50,8.0,36.961929999999995,16.72937,,Hit,2020.12.10 10:54:50,1,,,,,,,Incomplete Transfer
636,2020.12.10 11:03:21,2020.12.10 11:03:21,9.0,36.94942,16.8154,,Hit,2020.12.10 11:03:21,1,No,No,,,22050 11025 11025 5 0 0 2 0,No,
637,2020.12.10 12:00:00,2020.12.10 12:00:00,,,,20.0,,2020.12.11 00:39:22,1,,,,Primary,,No,
638,2020.12.11 00:00:00,2020.12.11 00:00:00,,,,19.0,,2020.12.11 13:00:29,1,,,,Primary,,No,
639,2020.12.11 00:39:22,2020.12.11 00:39:22,2.0,36.914320000000004,16.85838,,Hit,2020.12.11 00:39:22,1,No,No,,,0 0 11181 5 1 0 0 0,No,
640,2020.12.11 12:00:00,2020.12.11 12:00:00,,,,19.0,,2020.12.11 13:00:29,1,,,,Primary,,No,
641,2020.12.11 13:00:29,2020.12.11 13:00:29,,,,,Hit,2020.12.11 13:00:29,1,No,No,,,0 0 11 8 0 0 0 0,No,
642,2020.12.12 00:00:00,2020.12.12 00:00:00,,,,18.0,,2020.12.12 02:53:46,1,,,,Primary,,No,
643,2020.12.12 02:53:46,2020.12.12 02:53:46,3.0,37.000820000000004,16.97052,,Hit,2020.12.12 02:53:46,1,No,No,,,0 0 11760 5 0 0 0 0,No,
644,2020.12.12 12:00:00,2020.12.12 12:00:00,,,,19.0,,2020.12.12 19:32:27,1,,,,Primary,,No,
645,2020.12.12 19:32:27,2020.12.12 19:32:27,3.0,37.05672,16.9406,,Hit,2020.12.12 19:32:27,1,No,No,,,18628 9314 6833 7 0 0 2 0,No,
646,2020.12.13 00:00:00,2020.12.13 00:00:00,,,,19.0,,2020.12.13 03:55:57,1,,,,Primary,,No,
647,2020.12.13 03:55:57,2020.12.13 03:55:57,4.0,37.06935,16.854470000000003,,Hit,2020.12.13 03:55:57,1,No,No,,,0 0 11562 6 0 0 0 0,No,
648,2020.12.13 12:00:00,2020.12.13 12:00:00,,,,18.0,,2020.12.14 03:52:42,1,,,,Primary,,No,
649,2020.12.13 12:23:27,2020.12.13 12:23:27,3.0,37.14138,16.91065,,Hit,2020.12.13 12:23:27,1,No,No,,,0 0 4011 6 1 0 0 0,No,
650,2020.12.14 00:00:00,2020.12.14 00:00:00,,,,18.0,,2020.12.14 03:52:42,1,,,,Primary,,No,
651,2020.12.14 03:52:42,2020.12.14 03:52:42,6.0,37.1973,16.88062,,Hit,2020.12.14 03:52:42,1,No,No,,,25938 12969 13677 7 0 0 1 1,No,
652,2020.12.14 12:00:00,2020.12.14 12:00:00,,,,19.0,,2020.12.15 05:00:18,1,,,,Primary,,No,
653,2020.12.14 16:23:13,2020.12.14 16:23:13,2.0,37.26105,16.83747,,Hit,2020.12.14 16:23:13,1,No,No,,,31532 15766 13860 6 0 0 2 0,No,
654,2020.12.15 00:00:00,2020.12.15 00:00:00,,,,18.0,,2020.12.15 05:00:18,1,,,,Primary,,No,
655,2020.12.15 05:00:18,2020.12.15 05:00:18,3.0,37.31697,16.80733,,Hit,2020.12.15 05:00:18,1,No,No,,,14428 14428 14428 5 0 0 1 0,No,
656,2020.12.15 12:00:00,2020.12.15 12:00:00,,,,19.0,,2020.12.16 04:36:46,1,,,,Primary,,No,
657,2020.12.15 12:21:18,2020.12.15 12:21:18,6.0,37.41617,16.833479999999998,,Hit,2020.12.15 12:21:18,1,No,No,,,0 0 6514 5 0 0 0 0,No,
658,2020.12.16 00:00:00,2020.12.16 00:00:00,,,,18.0,,2020.12.16 04:36:46,1,,,,Primary,,No,
659,2020.12.16 04:36:46,2020.12.16 04:36:46,3.0,37.46578,16.84658,,Hit,2020.12.16 04:36:46,1,No,No,,,13675 13675 13675 5 0 0 1 0,No,
660,2020.12.16 12:00:00,2020.12.16 12:00:00,,,,19.0,,2020.12.16 13:04:22,1,,,,Primary,,No,
661,2020.12.16 13:04:22,2020.12.16 13:04:22,5.0,37.509029999999996,16.903029999999998,,Hit,2020.12.16 13:04:22,1,No,No,,,7752 7752 7752 8 0 0 1 0,No,
662,2020.12.17 00:00:00,2020.12.17 00:00:00,,,,18.0,,2020.12.17 02:14:59,1,,,,Primary,,No,
663,2020.12.17 02:14:59,2020.12.17 02:14:59,2.0,37.63685,16.92938,,Hit,2020.12.17 02:14:59,1,No,No,,,0 0 6519 6 0 0 0 0,No,
664,2020.12.17 09:00:16,2020.12.17 09:00:16,4.0,37.7214,16.899179999999998,,Hit,2020.12.17 09:00:16,1,No,No,,,0 0 52 6 0 0 0 0,No,
665,2020.12.17 12:00:00,2020.12.17 12:00:00,,,,30.0,,2020.12.17 16:00:16,1,,,,Primary,,No,
666,2020.12.17 14:25:27,2020.12.17 14:25:27,,,,,Hit,2020.12.17 14:25:27,1,,,,,,,
667,2020.12.17 16:00:16,2020.12.17 16:00:16,9.0,37.74057,16.768829999999998,,Hit,2020.12.17 16:00:16,1,No,No,,,0 0 52 2 0 0 0 0,No,
668,2020.12.18 00:00:00,2020.12.18 00:00:00,,,,18.0,,2020.12.18 05:00:14,1,,,,Primary,,No,
669,2020.12.18 05:00:14,2020.12.18 05:00:14,,,,,Hit,2020.12.18 05:00:14,1,No,No,,,0 0 7895 5 0 0 0 0,No,
670,2020.12.18 12:00:00,2020.12.18 12:00:00,,,,18.0,,2020.12.18 15:05:10,1,,,,Primary,,No,
671,2020.12.18 15:05:10,2020.12.18 15:05:10,4.0,37.7258,16.71228,,Hit,2020.12.18 15:05:10,1,No,No,,,0 0 10782 7 0 0 0 0,No,
672,2020.12.19 00:00:00,2020.12.19 00:00:00,,,,18.0,,2020.12.19 05:11:03,1,,,,Primary,,No,
673,2020.12.19 05:11:03,2020.12.19 05:11:03,2.0,37.77545,16.72533,,Hit,2020.12.19 05:11:03,1,No,No,,,0 0 11511 4 0 0 0 0,No,
674,2020.12.19 12:00:00,2020.12.19 12:00:00,,,,18.0,,2020.12.19 22:08:42,1,,,,Primary,,No,
675,2020.12.19 22:08:42,2020.12.19 22:08:42,2.0,37.73213,16.6688,,Hit,2020.12.19 22:08:42,1,No,No,,,35094 7019 8306 9 1 0 5 0,No,
676,2020.12.20 00:00:00,2020.12.20 00:00:00,,,,18.0,,2020.12.20 08:36:16,1,,,,Primary,,No,
677,2020.12.20 08:25:12,2020.12.20 08:25:12,3.0,37.76063,16.6688,,Hit,2020.12.20 08:25:12,1,,,,,,,Incomplete Transfer
678,2020.12.20 08:36:16,2020.12.20 08:36:16,2.0,37.77545,16.72533,,Hit,2020.12.20 08:36:16,1,No,No,,,3806 476 592 6 0 0 5 3,No,
679,2020.12.20 12:00:00,2020.12.20 12:00:00,,,,18.0,,2020.12.20 18:52:49,1,,,,Primary,,No,
680,2020.12.20 18:52:49,2020.12.20 18:52:49,3.0,37.74477,16.581770000000002,,Hit,2020.12.20 18:52:49,1,No,No,,,0 0 7428 7 0 0 0 0,No,
681,2020.12.21 00:00:00,2020.12.21 00:00:00,,,,18.0,,2020.12.21 10:33:04,2,,,,Primary,,No,
682,2020.12.21 10:33:04,2020.12.21 10:33:04,2.0,37.701370000000004,16.52532,,Hit,2020.12.21 10:33:04,1,No,No,,,8266 1033 347 9 0 0 6 2,No,
683,2020.12.21 12:00:00,2020.12.21 12:00:00,,,,18.0,,2020.12.21 22:15:25,1,,,,Primary,,No,
684,2020.12.21 16:52:07,2020.12.21 16:52:07,3.0,37.701370000000004,16.52532,,Hit,2020.12.21 16:52:07,1,,,,,,,Incomplete Transfer
685,2020.12.21 22:15:07,2020.12.21 22:15:07,,,,,Hit,2020.12.21 22:15:07,1,No,No,,,61618 4108 11488 12 1 0 11 4,No,
686,2020.12.21 22:15:25,2020.12.21 22:15:25,11.0,37.69273,16.42538,,Hit,2020.12.21 22:15:25,1,No,No,,,0 0 11488 1 0 0 0 0,No,
687,2020.12.22 00:00:00,2020.12.22 00:00:00,,,,18.0,,2020.12.22 12:00:15,1,,,,Primary,,No,
688,2020.12.22 12:00:00,2020.12.22 12:00:00,,,,25.0,,2020.12.22 12:00:15,1,,,,Primary,,No,
689,2020.12.22 12:00:15,2020.12.22 12:00:15,43.0,37.686479999999996,16.4689,,Hit,2020.12.22 12:00:15,1,No,No,,,0 0 13282 7 0 0 0 0,No,
690,2020.12.22 23:24:30,2020.12.22 23:24:30,4.0,37.63057,16.49952,,Hit,2020.12.22 23:24:30,1,No,No,,,0 0 10726 6 0 0 0 0,No,
691,2020.12.23 00:00:00,2020.12.23 00:00:00,,,,18.0,,2020.12.23 05:00:14,1,,,,Primary,,No,
692,2020.12.23 05:00:14,2020.12.23 05:00:14,8.0,37.63057,16.49952,,Hit,2020.12.23 05:00:14,1,No,No,,,0 0 6583 6 0 0 0 0,No,
693,2020.12.23 12:00:00,2020.12.23 12:00:00,,,,18.0,,2020.12.23 14:12:32,1,,,,Primary,,No,
694,2020.12.23 14:12:32,2020.12.23 14:12:32,7.0,37.60825,16.45605,,Hit,2020.12.23 14:12:32,1,No,No,,,0 0 12039 5 0 0 0 0,No,
695,2020.12.24 00:00:00,2020.12.24 00:00:00,,,,18.0,,2020.12.24 05:53:35,1,,,,Primary,,No,
696,2020.12.24 05:53:35,2020.12.24 05:53:35,6.0,37.5089,16.4304,,Hit,2020.12.24 05:53:35,1,No,No,,,0 0 13380 5 0 0 0 0,No,
697,2020.12.24 12:00:00,2020.12.24 12:00:00,,,,19.0,,2020.12.24 15:41:28,1,,,,Primary,,No,
698,2020.12.24 15:41:28,2020.12.24 15:41:28,3.0,37.51512,16.386979999999998,,Hit,2020.12.24 15:41:28,1,No,No,,,0 0 12541 7 0 0 0 0,No,
699,2020.12.25 00:00:00,2020.12.25 00:00:00,,,,18.0,,2020.12.25 02:42:43,1,,,,Primary,,No,
700,2020.12.25 02:42:43,2020.12.25 02:42:43,4.0,37.45923,16.41762,,Hit,2020.12.25 02:42:43,1,No,No,,,0 0 13180 6 0 0 0 0,No,
701,2020.12.25 12:00:00,2020.12.25 12:00:00,,,,18.0,,2020.12.25 22:18:01,1,,,,Primary,,No,
702,2020.12.25 22:18:01,2020.12.25 22:18:01,2.0,37.41818,16.50435,,Hit,2020.12.25 22:18:01,1,No,No,,,49258 16419 13986 8 0 0 2 1,No,
703,2020.12.26 00:00:00,2020.12.26 00:00:00,,,,18.0,,2020.12.26 08:21:50,1,,,,Primary,,No,
704,2020.12.26 08:21:50,2020.12.26 08:21:50,3.0,37.41818,16.50435,,Hit,2020.12.26 08:21:50,1,No,No,,,0 0 4867 4 0 0 0 0,No,
705,2020.12.26 12:00:00,2020.12.26 12:00:00,,,,19.0,,2020.12.27 09:47:30,1,,,,Primary,,No,
706,2020.12.27 00:00:00,2020.12.27 00:00:00,,,,18.0,,2020.12.27 14:53:04,1,,,,Primary,,No,
707,2020.12.27 01:10:14,2020.12.27 01:10:14,6.0,37.31492,16.66465,,Hit,2020.12.27 01:10:14,1,,,,,,,Incomplete Transfer
708,2020.12.27 09:47:30,2020.12.27 09:47:30,2.0,37.33585,16.6776,,Hit,2020.12.27 09:47:30,1,No,No,,,56209 5110 5792 13 1 0 4 7,No,
709,2020.12.27 12:00:00,2020.12.27 12:00:00,,,,18.0,,2020.12.28 12:39:10,1,,,,Primary,,No,
710,2020.12.27 14:53:04,2020.12.27 14:53:04,3.0,37.27995,16.70788,,Hit,2020.12.27 14:53:04,1,No,No,,,9860 4930 12738 2 0 0 2 0,No,
711,2020.12.28 00:00:00,2020.12.28 00:00:00,,,,18.0,,2020.12.28 12:39:10,1,,,,Primary,,No,
712,2020.12.28 12:00:00,2020.12.28 12:00:00,,,,18.0,,2020.12.28 15:58:12,1,,,,Primary,,No,
713,2020.12.28 12:39:10,2020.12.28 12:39:10,4.0,37.224070000000005,16.7381,,Hit,2020.12.28 12:39:10,1,No,No,,,54381 4183 2819 10 0 0 11 2,No,
714,2020.12.28 15:58:12,2020.12.28 15:58:12,9.0,37.19535,16.7381,,Hit,2020.12.28 15:58:12,1,No,No,,,11440 11440 11440 2 0 0 1 0,No,
715,2020.12.29 00:00:00,2020.12.29 00:00:00,,,,18.0,,2020.12.29 05:12:37,1,,,,Primary,,No,
716,2020.12.29 05:12:37,2020.12.29 05:12:37,3.0,37.133179999999996,16.81138,,Hit,2020.12.29 05:12:37,1,No,No,,,11842 11842 11842 4 0 0 1 0,No,
717,2020.12.29 12:00:00,2020.12.29 12:00:00,,,,18.0,,2020.12.29 23:18:55,1,,,,Primary,,No,
718,2020.12.29 23:18:55,2020.12.29 23:18:55,5.0,37.09813,16.854470000000003,,Hit,2020.12.29 23:18:55,1,No,No,,,45316 15105 13918 8 0 0 3 0,No,
719,2020.12.30 00:00:00,2020.12.30 00:00:00,,,,18.0,,2020.12.30 06:06:18,1,,,,Primary,,No,
720,2020.12.30 06:06:18,2020.12.30 06:06:18,6.0,37.09813,16.854470000000003,,Hit,2020.12.30 06:06:18,1,No,No,,,0 0 4814 3 0 0 0 0,No,
721,2020.12.30 12:00:00,2020.12.30 12:00:00,,,,19.0,,2020.12.30 18:03:31,1,,,,Primary,,No,
722,2020.12.30 18:03:31,2020.12.30 18:03:31,2.0,37.09813,16.854470000000003,,Hit,2020.12.30 18:03:31,1,No,No,,,13323 13323 13323 10 0 0 1 0,No,
723,2020.12.31 00:00:00,2020.12.31 00:00:00,,,,18.0,,2020.12.31 15:27:35,1,,,,Primary,,No,
724,2020.12.31 12:00:00,2020.12.31 12:00:00,,,,18.0,,2020.12.31 21:46:38,1,,,,Primary,,No,
725,2020.12.31 15:27:35,2020.12.31 15:27:35,,,,,Hit,2020.12.31 15:27:35,1,No,No,,,43178 8636 13478 8 0 0 5 0,No,
726,2020.12.31 15:27:47,2020.12.31 15:27:47,12.0,37.133179999999996,16.81138,,Hit,2020.12.31 15:27:47,1,,,,,,,
727,2020.12.31 21:46:38,2020.12.31 21:46:38,4.0,37.10443,16.81138,,Hit,2020.12.31 21:46:38,1,No,No,,,12831 12831 12831 3 0 0 1 0,No,
728,2021.01.01 00:00:00,2021.01.01 00:00:00,,,,18.0,,2021.01.01 07:27:53,1,,,,Primary,,No,
729,2021.01.01 07:27:53,2021.01.01 07:27:53,8.0,37.10443,16.81138,,Hit,2021.01.01 07:27:53,1,No,No,,,0 0 1758 5 0 0 0 0,No,
730,2021.01.01 12:00:00,2021.01.01 12:00:00,,,,18.0,,2021.01.01 23:17:56,1,,,,Primary,,No,
731,2021.01.01 23:17:56,2021.01.01 23:17:56,,,,,Hit,2021.01.01 23:17:56,1,No,No,,,37268 12423 8836 7 0 0 2 1,No,
732,2021.01.02 00:00:00,2021.01.02 00:00:00,,,,18.0,,2021.01.02 08:00:14,1,,,,Primary,,No,
733,2021.01.02 08:00:14,2021.01.02 08:00:14,3.0,37.18907,16.781270000000003,,Hit,2021.01.02 08:00:14,1,No,No,,,0 0 7664 4 0 0 0 0,No,
734,2021.01.02 12:00:00,2021.01.02 12:00:00,,,,18.0,,2021.01.02 21:09:32,1,,,,Primary,,No,
735,2021.01.02 21:09:32,2021.01.02 21:09:32,,,,,Hit,2021.01.02 21:09:32,1,No,No,,,0 0 13096 7 0 0 0 0,No,
736,2021.01.03 00:00:00,2021.01.03 00:00:00,,,,17.0,,2021.01.03 10:57:21,1,,,,Primary,,No,
737,2021.01.03 10:57:21,2021.01.03 10:57:21,14.0,37.174479999999996,16.72513,,Hit,2021.01.03 10:57:21,1,No,No,,,55720 13930 45 5 0 0 4 0,No,
738,2021.01.03 12:00:00,2021.01.03 12:00:00,,,,18.0,,2021.01.04 01:34:54,1,,,,Primary,,No,
739,2021.01.04 00:00:00,2021.01.04 00:00:00,,,,17.0,,2021.01.04 01:34:54,1,,,,Primary,,No,
740,2021.01.04 01:34:54,2021.01.04 01:34:54,15.0,37.13115,16.66905,,Hit,2021.01.04 01:34:54,1,No,No,,,0 0 13341 4 0 0 0 0,No,
741,2021.01.04 12:00:00,2021.01.04 12:00:00,,,,18.0,,2021.01.05 03:08:53,1,,,,Primary,,No,
742,2021.01.05 00:00:00,2021.01.05 00:00:00,,,,17.0,,2021.01.05 10:24:43,1,,,,Primary,,No,
743,2021.01.05 03:08:53,2021.01.05 03:08:53,,,,,Hit,2021.01.05 03:08:53,1,No,No,,,60042 20014 17772 6 1 0 3 0,No,
744,2021.01.05 10:24:43,2021.01.05 10:24:43,11.0,36.8668,16.5187,,Hit,2021.01.05 10:24:43,1,No,No,,,0 0 13626 2 0 0 0 0,No,
745,2021.01.05 12:00:00,2021.01.05 12:00:00,,,,17.0,,2021.01.06 04:32:39,1,,,,Primary,,No,
746,2021.01.06 00:00:00,2021.01.06 00:00:00,,,,17.0,,2021.01.06 17:49:02,1,,,,Primary,,No,
747,2021.01.06 04:32:39,2021.01.06 04:32:39,3.0,36.82697,16.278129999999997,,Hit,2021.01.06 04:32:39,1,No,No,,,17984 17984 17984 6 0 0 1 0,No,
748,2021.01.06 12:00:00,2021.01.06 12:00:00,,,,17.0,,2021.01.06 17:49:02,1,,,,Primary,,No,
749,2021.01.06 17:49:02,2021.01.06 17:49:02,3.0,36.9148,16.0626,,Hit,2021.01.06 17:49:02,1,No,No,,,0 0 19373 3 0 0 0 0,No,
750,2021.01.07 00:00:00,2021.01.07 00:00:00,,,,17.0,,2021.01.07 14:23:58,1,,,,Primary,,No,
751,2021.01.07 12:00:00,2021.01.07 12:00:00,,,,18.0,,2021.01.07 23:00:23,1,,,,Primary,,No,
752,2021.01.07 14:23:58,2021.01.07 14:23:58,3.0,37.06088,15.95775,,Hit,2021.01.07 14:23:58,1,No,No,,,58202 9700 11534 6 1 0 5 1,No,
753,2021.01.07 23:00:23,2021.01.07 23:00:23,8.0,37.14532,15.926820000000001,,Hit,2021.01.07 23:00:23,1,No,No,,,0 0 13991 1 0 0 0 0,No,
754,2021.01.08 00:00:00,2021.01.08 00:00:00,,,,17.0,,2021.01.08 14:48:37,1,,,,Primary,,No,
755,2021.01.08 12:00:00,2021.01.08 12:00:00,,,,17.0,,2021.01.08 23:51:40,1,,,,Primary,,No,
756,2021.01.08 14:48:37,2021.01.08 14:48:37,12.0,37.2794,15.9082,,Hit,2021.01.08 14:48:37,1,No,No,,,20726 10363 12104 6 0 0 1 1,No,
757,2021.01.08 23:51:40,2021.01.08 23:51:40,3.0,37.27342,15.951579999999998,,Hit,2021.01.08 23:51:40,1,No,No,,,0 0 10021 4 0 0 0 0,No,
758,2021.01.09 00:00:00,2021.01.09 00:00:00,,,,17.0,,2021.01.09 13:50:23,1,,,,Primary,,No,
759,2021.01.09 12:00:00,2021.01.09 12:00:00,,,,17.0,,2021.01.09 23:00:14,1,,,,Primary,,No,
760,2021.01.09 13:50:23,2021.01.09 13:50:23,4.0,37.40747,15.932970000000001,,Hit,2021.01.09 13:50:23,1,No,No,,,0 0 10817 5 0 0 0 0,No,
761,2021.01.09 23:00:14,2021.01.09 23:00:14,2.0,37.3291,15.920570000000001,,Hit,2021.01.09 23:00:14,1,No,No,,,0 0 19730 6 0 0 0 0,No,
762,2021.01.10 00:00:00,2021.01.10 00:00:00,,,,17.0,,2021.01.10 08:04:42,1,,,,Primary,,No,
763,2021.01.10 08:04:42,2021.01.10 08:04:42,,,,,Hit,2021.01.10 08:04:42,1,No,No,,,11085 11085 11085 7 0 0 1 0,No,
764,2021.01.10 12:00:00,2021.01.10 12:00:00,,,,17.0,,2021.01.11 00:22:01,1,,,,Primary,,No,
765,2021.01.11 00:00:00,2021.01.11 00:00:00,,,,17.0,,2021.01.11 11:03:14,1,,,,Primary,,No,
766,2021.01.11 00:22:01,2021.01.11 00:22:01,3.0,37.2794,15.9082,,Hit,2021.01.11 00:22:01,1,No,No,,,18431 9216 11017 5 0 0 2 0,No,
767,2021.01.11 11:03:14,2021.01.11 11:03:14,4.0,37.2674,15.99495,,Hit,2021.01.11 11:03:14,1,No,No,,,0 0 7776 3 0 0 0 0,No,
768,2021.01.11 12:00:00,2021.01.11 12:00:00,,,,17.0,,2021.01.12 01:45:07,2,,,,Primary,,No,
769,2021.01.12 00:00:00,2021.01.12 00:00:00,,,,17.0,,2021.01.12 01:45:07,2,,,,Primary,,No,
770,2021.01.12 01:45:07,2021.01.12 01:45:07,4.0,37.28237,16.05078,,Hit,2021.01.12 01:45:07,1,No,No,,,14019 14019 14019 4 2 0 1 0,No,
771,2021.01.12 05:52:19,2021.01.12 05:52:19,3.0,37.326,16.10667,,Hit,2021.01.12 05:52:19,1,No,No,,,42526 14175 14488 5 2 0 3 0,No,
772,2021.01.12 12:00:00,2021.01.12 12:00:00,,,,17.0,,2021.01.12 13:20:56,1,,,,Primary,,No,
773,2021.01.12 13:20:56,2021.01.12 13:20:56,5.0,37.3635,16.20598,,Hit,2021.01.12 13:20:56,1,No,No,,,0 0 14599 4 0 0 0 0,No,
774,2021.01.13 00:00:00,2021.01.13 00:00:00,,,,16.0,,2021.01.13 17:44:28,1,,,,Primary,,No,
775,2021.01.13 08:30:30,2021.01.13 08:30:30,3.0,37.421929999999996,16.31808,,Hit,2021.01.13 08:30:30,1,No,No,,,26448 13224 7878 19 0 0 2 0,No,
776,2021.01.13 12:00:00,2021.01.13 12:00:00,,,,17.0,,2021.01.13 17:44:28,1,,,,Primary,,No,
777,2021.01.13 13:31:27,2021.01.13 13:31:27,2.0,37.45057,16.31808,,Hit,2021.01.13 13:31:27,1,,,,,,,Incomplete Transfer
778,2021.01.13 17:44:28,2021.01.13 17:44:28,4.0,37.42808,16.27467,,Hit,2021.01.13 17:44:28,1,No,No,,,16538 8269 15107 4 0 0 2 0,No,
779,2021.01.14 00:00:00,2021.01.14 00:00:00,,,,16.0,,2021.01.14 01:51:23,1,,,,Primary,,No,
780,2021.01.14 01:51:23,2021.01.14 01:51:23,5.0,37.421929999999996,16.31808,,Hit,2021.01.14 01:51:23,1,No,No,,,0 0 9794 4 0 0 0 0,No,
781,2021.01.14 12:00:00,2021.01.14 12:00:00,,,,18.0,,2021.01.14 18:02:43,1,,,,Primary,,No,
782,2021.01.14 18:02:29,2021.01.14 18:02:29,11.0,37.41317,16.2186,,Hit,2021.01.14 18:02:29,1,,,,,,,
783,2021.01.14 18:02:43,2021.01.14 18:02:43,9.0,37.3784,16.262,,Hit,2021.01.14 18:02:43,1,No,No,,,0 0 7604 0 0 0 0 0,No,
784,2021.01.15 00:00:00,2021.01.15 00:00:00,,,,16.0,,2021.01.15 05:17:45,1,,,,Primary,,No,
785,2021.01.15 05:17:45,2021.01.15 05:17:45,2.0,37.3661,16.34873,,Hit,2021.01.15 05:17:45,1,No,No,,,13803 13803 13803 3 0 0 1 0,No,
786,2021.01.15 12:00:00,2021.01.15 12:00:00,,,,17.0,,2021.01.15 19:22:50,1,,,,Primary,,No,
787,2021.01.15 19:22:50,2021.01.15 19:22:50,4.0,37.37475,16.448179999999997,,Hit,2021.01.15 19:22:50,1,No,No,,,11261 11261 11261 6 0 0 1 0,No,
788,2021.01.16 00:00:00,2021.01.16 00:00:00,,,,16.0,,2021.01.16 08:00:13,1,,,,Primary,,No,
789,2021.01.16 08:00:13,2021.01.16 08:00:13,12.0,37.46543,16.37422,,Hit,2021.01.16 08:00:13,1,No,No,,,0 0 7201 6 0 0 0 0,No,
790,2021.01.16 12:00:00,2021.01.16 12:00:00,,,,17.0,,2021.01.16 22:50:24,1,,,,Primary,,No,
791,2021.01.16 22:50:24,2021.01.16 22:50:24,3.0,37.4034,16.448179999999997,,Hit,2021.01.16 22:50:24,1,No,No,,,25102 12551 16078 8 0 0 2 0,No,
792,2021.01.17 00:00:00,2021.01.17 00:00:00,,,,16.0,,2021.01.17 15:03:54,1,,,,Primary,,No,
793,2021.01.17 11:41:55,2021.01.17 11:41:55,681.0,37.45113,16.7902,,Hit,2021.01.17 11:41:55,1,,,,,,,Incomplete Transfer
794,2021.01.17 12:00:00,2021.01.17 12:00:00,,,,17.0,,2021.01.18 05:26:51,1,,,,Primary,,No,
795,2021.01.17 15:03:54,2021.01.17 15:03:54,3.0,37.4616,16.560579999999998,,Hit,2021.01.17 15:03:54,1,No,No,,,29228 5846 5028 7 0 0 2 3,No,
796,2021.01.18 00:00:00,2021.01.18 00:00:00,,,,16.0,,2021.01.18 05:26:51,1,,,,Primary,,No,
797,2021.01.18 05:26:51,2021.01.18 05:26:51,3.0,37.46783,16.5172,,Hit,2021.01.18 05:26:51,1,No,No,,,0 0 8989 4 0 0 0 0,No,
798,2021.01.18 12:00:00,2021.01.18 12:00:00,,,,16.0,,2021.01.18 19:51:38,1,,,,Primary,,No,
799,2021.01.18 19:51:38,2021.01.18 19:51:38,4.0,37.5089,16.4304,,Hit,2021.01.18 19:51:38,1,No,No,,,30960 7740 14710 7 1 0 4 0,No,
800,2021.01.19 00:00:00,2021.01.19 00:00:00,,,,16.0,,2021.01.19 06:50:57,1,,,,Primary,,No,
801,2021.01.19 06:50:57,2021.01.19 06:50:57,2.0,37.55858,16.44322,,Hit,2021.01.19 06:50:57,1,No,No,,,0 0 3418 3 0 0 0 0,No,
802,2021.01.19 12:00:00,2021.01.19 12:00:00,,,,18.0,,2021.01.19 18:22:08,1,,,,Primary,,No,
803,2021.01.19 18:22:08,2021.01.19 18:22:08,4.0,37.60202,16.49952,,Hit,2021.01.19 18:22:08,1,No,No,,,0 0 20194 4 2 0 0 0,No,
804,2021.01.20 00:00:00,2021.01.20 00:00:00,,,,16.0,,2021.01.20 19:00:26,1,,,,Primary,,No,
805,2021.01.20 12:00:00,2021.01.20 12:00:00,,,,18.0,,2021.01.21 00:07:52,1,,,,Primary,,No,
806,2021.01.20 19:00:26,2021.01.20 19:00:26,4.0,37.673970000000004,16.55588,,Hit,2021.01.20 19:00:26,1,No,No,,,3069 3069 7169 22 0 0 0 1,No,
807,2021.01.21 00:00:00,2021.01.21 00:00:00,,,,16.0,,2021.01.21 05:30:30,1,,,,Primary,,No,
808,2021.01.21 00:07:52,2021.01.21 00:07:52,3.0,37.68023,16.5124,,Hit,2021.01.21 00:07:52,1,No,No,,,34637 8659 8503 3 0 0 4 0,No,
809,2021.01.21 05:30:30,2021.01.21 05:30:30,2.0,37.723620000000004,16.568820000000002,,Hit,2021.01.21 05:30:30,1,No,No,,,18833 18833 18833 1 0 0 1 0,No,
810,2021.01.21 12:00:00,2021.01.21 12:00:00,,,,16.0,,2021.01.21 18:32:45,1,,,,Primary,,No,
811,2021.01.21 18:32:45,2021.01.21 18:32:45,3.0,37.71732,16.61232,,Hit,2021.01.21 18:32:45,1,No,No,,,15415 15415 15415 5 0 0 1 0,No,
812,2021.01.22 00:00:00,2021.01.22 00:00:00,,,,16.0,,2021.01.22 08:00:14,1,,,,Primary,,No,
813,2021.01.22 08:00:14,2021.01.22 08:00:14,3.0,37.76697,16.6253,,Hit,2021.01.22 08:00:14,1,No,No,,,0 0 5148 5 0 0 0 0,No,
814,2021.01.22 12:00:00,2021.01.22 12:00:00,,,,18.0,,2021.01.22 16:08:37,1,,,,Primary,,No,
815,2021.01.22 16:00:12,2021.01.22 16:00:12,2.0,37.83147,16.694879999999998,,Hit,2021.01.22 16:00:12,1,,,,,,,Incomplete Transfer
816,2021.01.22 16:08:37,2021.01.22 16:08:37,3.0,37.83147,16.694879999999998,,Hit,2021.01.22 16:08:37,1,No,No,,,10296 5148 5148 8 0 0 2 0,No,
817,2021.01.23 00:00:00,2021.01.23 00:00:00,,,,16.0,,2021.01.23 08:58:55,1,,,,Primary,,No,
818,2021.01.23 08:58:55,2021.01.23 08:58:55,,,,,Hit,2021.01.23 08:58:55,1,No,No,,,0 0 18598 8 0 0 0 0,No,
819,2021.01.23 12:00:00,2021.01.23 12:00:00,,,,16.0,,2021.01.23 23:16:41,1,,,,Primary,,No,
820,2021.01.23 23:16:41,2021.01.23 23:16:41,,,,,Hit,2021.01.23 23:16:41,1,No,No,,,29400 14700 18006 5 0 0 2 0,No,
821,2021.01.24 00:00:00,2021.01.24 00:00:00,,,,16.0,,2021.01.24 11:09:40,1,,,,Primary,,No,
822,2021.01.24 11:09:40,2021.01.24 11:09:40,,,,,Hit,2021.01.24 11:09:40,1,No,No,,,0 0 12958 4 0 0 0 0,No,
823,2021.01.24 12:00:00,2021.01.24 12:00:00,,,,16.0,,2021.01.24 17:00:36,1,,,,Primary,,No,
824,2021.01.24 17:00:36,2021.01.24 17:00:36,,,,,Hit,2021.01.24 17:00:36,1,No,No,,,0 0 18 7 0 0 0 0,No,
825,2021.01.25 00:00:00,2021.01.25 00:00:00,,,,16.0,,2021.01.25 02:00:19,1,,,,Primary,,No,
826,2021.01.25 02:00:19,2021.01.25 02:00:19,6.0,38.002520000000004,16.77778,,Hit,2021.01.25 02:00:19,1,No,No,,,0 0 11 9 0 0 0 0,No,
827,2021.01.25 12:00:00,2021.01.25 12:00:00,,,,17.0,,2021.01.26 02:15:44,1,,,,Primary,,No,
828,2021.01.25 12:00:13,2021.01.25 12:00:13,3.0,37.9961,16.8214,,Hit,2021.01.25 12:00:13,1,No,No,,,0 0 37 9 1 0 0 0,No,
829,2021.01.26 00:00:00,2021.01.26 00:00:00,,,,16.0,,2021.01.26 12:28:04,1,,,,Primary,,No,
830,2021.01.26 02:15:44,2021.01.26 02:15:44,3.0,38.01092,16.878220000000002,,Hit,2021.01.26 02:15:44,1,No,No,,,37618 12539 9812 8 0 0 2 1,No,
831,2021.01.26 12:00:00,2021.01.26 12:00:00,,,,16.0,,2021.01.27 01:48:48,1,,,,Primary,,No,
832,2021.01.26 12:28:04,2021.01.26 12:28:04,3.0,37.9961,16.8214,,Hit,2021.01.26 12:28:04,1,No,No,,,0 0 7325 2 0 0 0 0,No,
833,2021.01.27 00:00:00,2021.01.27 00:00:00,,,,16.0,,2021.01.27 01:48:48,1,,,,Primary,,No,
834,2021.01.27 01:48:48,2021.01.27 01:48:48,5.0,38.002520000000004,16.77778,,Hit,2021.01.27 01:48:48,1,No,No,,,0 0 8574 6 0 0 0 0,No,
835,2021.01.27 12:00:00,2021.01.27 12:00:00,,,,16.0,,2021.01.28 00:08:11,1,,,,Primary,,No,
836,2021.01.28 00:00:00,2021.01.28 00:00:00,,,,16.0,,2021.01.28 10:15:33,1,,,,Primary,,No,
837,2021.01.28 00:08:11,2021.01.28 00:08:11,3.0,38.05218,16.79095,,Hit,2021.01.28 00:08:11,1,No,No,,,55428 18476 21550 6 0 0 3 0,No,
838,2021.01.28 10:15:33,2021.01.28 10:15:33,4.0,38.0586,16.74728,,Hit,2021.01.28 10:15:33,1,No,No,,,0 0 16464 1 0 0 0 0,No,
839,2021.01.28 12:00:00,2021.01.28 12:00:00,,,,16.0,,2021.01.28 23:36:46,1,,,,Primary,,No,
840,2021.01.28 15:05:36,2021.01.28 15:05:36,3.0,38.065,16.7036,,Hit,2021.01.28 15:05:36,1,,,,,,,
841,2021.01.28 23:32:32,2021.01.28 23:32:32,4.0,38.093379999999996,16.7036,,Hit,2021.01.28 23:32:32,1,,,,,,,Incomplete Transfer
842,2021.01.28 23:36:46,2021.01.28 23:36:46,2.0,38.08698,16.74728,,Hit,2021.01.28 23:36:46,1,No,No,,,12552 12552 12552 4 0 0 1 0,No,
843,2021.01.29 00:00:00,2021.01.29 00:00:00,,,,16.0,,2021.01.29 14:42:19,1,,,,Primary,,No,
844,2021.01.29 12:00:00,2021.01.29 12:00:00,,,,16.0,,2021.01.30 05:40:02,1,,,,Primary,,No,
845,2021.01.29 14:42:19,2021.01.29 14:42:19,,,,,Hit,2021.01.29 14:42:19,1,No,No,,,16829 16829 16829 6 0 0 1 0,No,
846,2021.01.30 00:00:00,2021.01.30 00:00:00,,,,16.0,,2021.01.30 21:33:06,1,,,,Primary,,No,
847,2021.01.30 05:40:02,2021.01.30 05:40:02,11.0,38.03732,16.73415,,Hit,2021.01.30 05:40:02,1,No,No,,,19416 9708 13683 5 0 0 2 0,No,
848,2021.01.30 12:00:00,2021.01.30 12:00:00,,,,16.0,,2021.01.30 21:33:06,1,,,,Primary,,No,
849,2021.01.30 21:33:06,2021.01.30 21:33:06,5.0,37.96562,16.67742,,Hit,2021.01.30 21:33:06,1,No,No,,,60185 20062 14967 4 0 0 2 1,No,
850,2021.01.31 00:00:00,2021.01.31 00:00:00,,,,16.0,,2021.01.31 15:56:00,1,,,,Primary,,No,
851,2021.01.31 12:00:00,2021.01.31 12:00:00,,,,16.0,,2021.01.31 20:19:55,1,,,,Primary,,No,
852,2021.01.31 15:56:00,2021.01.31 15:56:00,4.0,37.95925,16.72105,,Hit,2021.01.31 15:56:00,1,No,No,,,71310 8914 9936 5 0 0 7 1,No,
853,2021.01.31 20:19:55,2021.01.31 20:19:55,3.0,37.95925,16.72105,,Hit,2021.01.31 20:19:55,1,No,No,,,0 0 15748 1 0 0 0 0,No,
854,2021.02.01 00:00:00,2021.02.01 00:00:00,,,,16.0,,2021.02.01 12:00:06,1,,,,Primary,,No,
855,2021.02.01 12:00:00,2021.02.01 12:00:00,,,,18.0,,2021.02.01 12:00:06,1,,,,Primary,,No,
856,2021.02.01 12:00:06,2021.02.01 12:00:06,5.0,37.9961,16.8214,,Hit,2021.02.01 12:00:06,1,No,No,,,0 0 18279 5 0 0 0 0,No,
857,2021.02.02 00:00:00,2021.02.02 00:00:00,,,,16.0,,2021.02.02 11:45:35,1,,,,Primary,,No,
858,2021.02.02 03:02:19,2021.02.02 03:02:19,4.0,37.92638,16.90857,,Hit,2021.02.02 03:02:19,1,No,No,,,12274 12274 12274 7 0 0 1 0,No,
859,2021.02.02 11:45:35,2021.02.02 11:45:35,3.0,37.91993,16.95212,,Hit,2021.02.02 11:45:35,1,No,No,,,0 0 6988 4 0 0 0 0,No,
860,2021.02.02 12:00:00,2021.02.02 12:00:00,,,,16.0,,2021.02.03 00:49:23,1,,,,Primary,,No,
861,2021.02.03 00:00:00,2021.02.03 00:00:00,,,,16.0,,2021.02.03 00:49:23,1,,,,Primary,,No,
862,2021.02.03 00:49:23,2021.02.03 00:49:23,4.0,37.96958,16.9654,,Hit,2021.02.03 00:49:23,1,No,No,,,8554 8554 8554 5 0 0 1 0,No,
863,2021.02.03 12:00:00,2021.02.03 12:00:00,,,,16.0,,2021.02.03 12:48:03,1,,,,Primary,,No,
864,2021.02.03 12:48:03,2021.02.03 12:48:03,5.0,38.03287,16.92182,,Hit,2021.02.03 12:48:03,1,No,No,,,0 0 10128 6 0 0 0 0,No,
865,2021.02.04 00:00:00,2021.02.04 00:00:00,,,,15.0,,2021.02.04 01:04:29,1,,,,Primary,,No,
866,2021.02.04 01:04:29,2021.02.04 01:04:29,2.0,38.095420000000004,16.8478,,Hit,2021.02.04 01:04:29,1,No,No,,,10399 10399 10399 5 0 0 1 0,No,
867,2021.02.04 12:00:00,2021.02.04 12:00:00,,,,18.0,,2021.02.05 01:37:00,1,,,,Primary,,No,
868,2021.02.04 12:00:16,2021.02.04 12:00:16,,,,,Hit,2021.02.04 12:00:16,1,No,No,,,0 0 9237 6 0 0 0 0,No,
869,2021.02.05 00:00:00,2021.02.05 00:00:00,,,,15.0,,2021.02.05 01:37:00,1,,,,Primary,,No,
870,2021.02.05 01:37:00,2021.02.05 01:37:00,4.0,38.22748,16.6861,,Hit,2021.02.05 01:37:00,1,No,No,,,0 0 11294 4 0 0 0 0,No,
871,2021.02.05 12:00:00,2021.02.05 12:00:00,,,,16.0,,2021.02.05 13:33:16,1,,,,Primary,,No,
872,2021.02.05 13:33:16,2021.02.05 13:33:16,2.0,38.33538,16.81325,,Hit,2021.02.05 13:33:16,1,No,No,,,0 0 13116 5 0 0 0 0,No,
873,2021.02.05 23:00:32,2021.02.05 23:00:32,6.0,38.31398,16.80002,,Hit,2021.02.05 23:00:32,1,No,No,,,0 0 9584 5 0 0 0 0,No,
874,2021.02.06 00:00:00,2021.02.06 00:00:00,,,,16.0,,2021.02.06 11:40:50,1,,,,Primary,,No,
875,2021.02.06 11:40:50,2021.02.06 11:40:50,4.0,38.3289,16.85707,,Hit,2021.02.06 11:40:50,1,No,No,,,0 0 12410 5 0 0 0 0,No,
876,2021.02.06 12:00:00,2021.02.06 12:00:00,,,,18.0,,2021.02.07 03:46:42,1,,,,Primary,,No,
877,2021.02.07 00:00:00,2021.02.07 00:00:00,,,,16.0,,2021.02.07 13:53:19,1,,,,Primary,,No,
878,2021.02.07 03:46:42,2021.02.07 03:46:42,2.0,38.2811,16.98838,,Hit,2021.02.07 03:46:42,1,No,No,,,14506 14506 14506 5 0 0 1 0,No,
879,2021.02.07 12:00:00,2021.02.07 12:00:00,,,,16.0,,2021.02.07 13:53:19,1,,,,Primary,,No,
880,2021.02.07 13:53:19,2021.02.07 13:53:19,37.0,38.282779999999995,17.13298,,Hit,2021.02.07 13:53:19,1,No,No,,,0 0 17803 4 0 0 0 0,No,
881,2021.02.08 00:00:00,2021.02.08 00:00:00,,,,16.0,,2021.02.08 02:44:34,1,,,,Primary,,No,
882,2021.02.08 02:44:34,2021.02.08 02:44:34,3.0,38.1404,17.049020000000002,,Hit,2021.02.08 02:44:34,1,No,No,,,0 0 12750 4 0 0 0 0,No,
883,2021.02.08 12:00:00,2021.02.08 12:00:00,,,,16.0,,2021.02.09 02:17:23,1,,,,Primary,,No,
884,2021.02.08 13:13:48,2021.02.08 13:13:48,2.0,38.03463,17.06587,,Hit,2021.02.08 13:13:48,1,No,No,,,6229 6229 6229 7 0 0 1 0,No,
885,2021.02.09 00:00:00,2021.02.09 00:00:00,,,,15.0,,2021.02.09 02:17:23,1,,,,Primary,,No,
886,2021.02.09 02:17:23,2021.02.09 02:17:23,4.0,37.96958,16.9654,,Hit,2021.02.09 02:17:23,1,No,No,,,10727 10727 10727 4 0 0 1 0,No,
887,2021.02.09 12:00:00,2021.02.09 12:00:00,,,,16.0,,2021.02.09 18:30:46,1,,,,Primary,,No,
888,2021.02.09 18:30:46,2021.02.09 18:30:46,3.0,37.86383,16.98237,,Hit,2021.02.09 18:30:46,1,No,No,,,4033 4033 8859 5 1 0 1 0,No,
889,2021.02.10 00:00:00,2021.02.10 00:00:00,,,,15.0,,2021.02.10 06:59:55,1,,,,Primary,,No,
890,2021.02.10 06:59:55,2021.02.10 06:59:55,3.0,37.82888,17.02583,,Hit,2021.02.10 06:59:55,1,No,No,,,6164 1233 3722 9 0 0 3 2,No,
891,2021.02.10 12:00:00,2021.02.10 12:00:00,,,,16.0,,2021.02.10 22:27:46,1,,,,Primary,,No,
892,2021.02.10 22:27:46,2021.02.10 22:27:46,3.0,37.782379999999996,17.2998,,Hit,2021.02.10 22:27:46,1,No,No,,,0 0 15621 3 0 0 0 0,No,
893,2021.02.11 00:00:00,2021.02.11 00:00:00,,,,16.0,,2021.02.11 10:40:30,1,,,,Primary,,No,
894,2021.02.11 10:40:30,2021.02.11 10:40:30,4.0,37.71965,17.372970000000002,,Hit,2021.02.11 10:40:30,1,No,No,,,0 0 13927 5 0 0 0 0,No,
